,Product_ID,Source,Sales_Agent,Location,Delivery_Mode,Status
0,18,5,10,8,4,0
1,18,5,1,8,4,0
2,18,5,1,8,4,0
3,18,5,1,8,4,0
4,18,5,1,8,4,0
5,18,5,1,8,4,0
6,18,5,1,8,4,0
7,18,5,1,8,4,0
8,18,5,1,8,4,0
9,18,5,1,8,4,0
10,18,5,1,8,4,0
11,18,5,1,8,4,0
12,18,5,1,8,4,0
13,18,6,1,8,4,0
14,18,5,1,8,4,0
15,18,6,1,8,4,0
16,18,5,1,8,4,0
17,18,5,1,8,4,0
18,9,7,7,7,3,0
19,19,6,11,8,4,0
20,18,5,1,8,4,0
21,18,6,1,8,4,0
22,18,5,1,8,4,0
23,18,6,8,0,2,0
24,18,5,10,8,3,0
25,15,5,6,5,3,1
26,18,6,6,7,3,0
27,18,7,8,8,2,1
28,27,6,10,6,4,0
29,19,7,11,1,0,0
30,19,7,11,1,1,1
31,18,6,6,7,3,1
32,27,7,10,5,2,0
33,9,4,6,7,1,0
34,9,6,11,7,3,0
35,9,5,10,7,3,0
36,19,5,6,8,3,1
37,18,7,8,7,3,0
38,5,7,6,1,2,0
39,19,7,11,4,1,0
40,9,6,11,6,4,0
41,9,7,10,0,2,1
42,18,6,8,6,3,1
43,2,6,8,8,4,0
44,9,6,10,7,4,0
45,15,6,10,8,4,1
46,15,6,6,8,4,1
47,19,7,11,8,4,1
48,15,6,6,8,4,1
49,0,6,11,8,4,0
50,18,6,11,7,4,0
51,15,6,10,8,4,0
52,9,6,11,3,4,1
53,15,6,6,8,4,1
54,9,6,8,7,3,0
55,19,6,8,7,3,0
56,9,4,8,6,3,0
57,5,7,8,0,2,0
58,27,5,11,5,3,0
59,18,5,10,8,2,1
60,9,5,8,7,3,0
61,18,5,11,7,3,0
62,19,5,8,8,3,0
63,19,5,6,4,2,1
64,19,5,10,6,3,0
65,15,5,8,8,2,1
66,19,6,10,7,4,0
67,19,6,11,6,3,0
68,27,7,11,8,2,0
69,18,7,6,8,2,0
70,18,5,10,6,3,0
71,9,7,8,0,2,0
72,19,5,10,8,3,0
73,9,6,6,5,3,0
74,15,6,8,8,4,1
75,15,6,6,8,4,1
76,15,6,10,8,4,1
77,15,6,11,8,4,1
78,25,7,10,7,3,1
79,10,5,11,7,4,0
80,18,5,10,8,3,1
81,9,7,8,7,3,0
82,9,6,11,6,0,0
83,18,7,8,6,3,0
84,19,6,10,7,4,0
85,18,6,10,4,4,0
86,15,6,8,8,4,1
87,9,6,10,7,4,0
88,15,6,6,8,4,1
89,15,6,10,8,4,1
90,15,6,11,8,4,1
91,15,6,8,8,4,1
92,15,6,6,8,4,0
93,9,6,8,7,4,0
94,15,6,11,8,4,1
95,19,7,10,6,3,0
96,27,5,6,8,3,1
97,15,6,7,8,4,0
98,18,7,6,7,3,0
99,19,4,8,7,3,0
100,19,5,8,7,3,0
101,18,7,11,3,3,0
102,27,7,8,7,3,1
103,18,5,6,6,3,0
104,18,5,8,8,2,1
105,19,5,8,8,2,1
106,5,7,8,8,2,1
107,18,5,8,3,2,0
108,15,5,8,8,3,1
109,18,5,8,7,3,0
110,19,6,8,7,3,0
111,10,5,8,7,2,0
112,19,7,8,8,2,0
113,19,7,8,7,3,0
114,18,7,8,8,3,0
115,18,7,8,7,3,0
116,19,7,8,8,4,0
117,18,5,8,7,3,0
118,5,7,11,8,4,0
119,19,5,8,7,2,0
120,20,7,10,4,2,1
121,18,7,8,6,3,0
122,18,5,8,7,3,0
123,18,5,10,8,2,0
124,5,6,8,7,3,0
125,19,6,8,4,3,0
126,18,5,1,8,4,0
127,18,5,1,8,4,0
128,18,6,1,8,4,0
129,18,5,1,8,4,0
130,18,5,1,8,4,0
131,18,5,1,8,4,0
132,18,5,1,8,4,0
133,18,5,1,8,4,0
134,18,5,1,8,4,0
135,18,5,1,8,4,0
136,18,5,1,8,4,0
137,18,5,1,8,4,0
138,18,6,1,8,4,0
139,20,7,7,7,2,1
140,18,7,8,0,2,0
141,18,6,8,7,3,0
142,18,7,10,7,3,0
143,19,7,11,7,3,0
144,27,7,8,5,2,1
145,15,5,7,4,2,1
146,18,6,10,8,2,1
147,27,5,6,4,2,0
148,18,6,7,6,3,1
149,18,6,8,6,3,0
150,18,6,7,6,3,0
151,5,7,7,7,3,1
152,15,5,6,8,3,1
153,15,6,10,8,4,1
154,15,6,11,8,4,1
155,15,6,8,8,4,1
156,15,6,6,8,4,1
157,18,6,8,7,3,0
158,15,6,7,8,4,1
159,15,5,6,2,4,0
160,18,7,8,7,3,0
161,0,6,6,6,4,0
162,19,7,8,8,1,0
163,27,7,7,7,3,1
164,19,7,7,7,3,0
165,18,7,8,5,2,0
166,18,6,10,6,4,0
167,18,5,8,8,3,0
168,19,5,7,8,3,1
169,18,7,10,6,3,0
170,15,6,8,8,4,1
171,19,6,8,6,4,0
172,15,6,7,8,4,1
173,15,6,11,8,4,1
174,15,6,6,8,4,1
175,19,5,6,8,3,1
176,18,7,11,7,3,1
177,25,4,8,7,3,0
178,19,1,7,6,3,0
179,9,7,8,7,3,0
180,9,7,11,1,2,1
181,19,6,8,7,3,0
182,18,7,10,8,4,1
183,18,6,8,6,3,0
184,15,6,10,8,4,1
185,27,6,11,8,4,1
186,15,6,8,8,4,1
187,21,6,11,6,4,0
188,15,6,6,8,4,1
189,27,6,7,6,4,1
190,15,6,6,8,4,1
191,9,6,7,7,4,0
192,18,6,8,6,4,0
193,18,7,10,8,2,1
194,9,6,7,7,3,0
195,18,5,6,7,3,0
196,9,6,11,7,4,0
197,0,7,6,1,1,0
198,18,6,8,4,3,0
199,18,6,8,7,3,0
200,15,6,8,8,4,1
201,18,6,8,7,4,0
202,15,6,6,8,4,1
203,15,6,10,8,4,1
204,15,5,8,8,4,0
205,18,7,6,8,2,0
206,5,5,7,8,3,1
207,15,5,10,6,3,1
208,18,5,6,7,3,0
209,18,6,8,6,3,0
210,18,6,8,7,3,0
211,18,5,6,3,2,1
212,19,5,11,7,3,1
213,15,5,7,8,3,1
214,18,5,10,6,4,0
215,19,5,10,8,3,1
216,18,5,11,5,3,0
217,19,5,7,8,2,1
218,18,5,11,7,3,0
219,9,5,8,7,3,0
220,18,5,6,7,3,0
221,18,5,8,8,3,1
222,18,5,6,8,4,1
223,19,5,11,8,2,0
224,2,5,6,2,2,0
225,5,6,7,7,3,1
226,18,7,6,6,3,0
227,15,6,6,8,4,1
228,19,6,7,4,4,1
229,15,6,6,8,4,1
230,15,6,7,8,4,1
231,18,7,6,6,3,1
232,18,7,7,7,3,1
233,20,7,6,8,4,0
234,5,7,7,7,3,1
235,18,7,6,7,3,0
236,18,7,7,7,3,0
237,5,7,6,8,2,1
238,20,2,7,7,3,0
239,18,7,7,8,3,1
240,18,7,6,8,3,0
241,5,7,6,7,3,0
242,18,7,7,8,2,1
243,15,7,7,1,2,1
244,19,7,6,3,2,1
245,19,7,7,7,3,0
246,15,6,7,8,4,1
247,15,6,7,8,4,1
248,15,6,7,8,4,1
249,15,6,7,8,4,1
250,19,7,6,6,3,0
251,9,6,6,7,3,0
252,27,5,6,6,2,0
253,9,5,6,4,2,1
254,19,5,7,8,3,0
255,18,5,7,7,3,1
256,27,5,6,6,3,0
257,18,5,6,7,3,0
258,27,5,6,7,3,0
259,19,5,6,8,2,0
260,5,5,7,8,2,1
261,18,5,6,8,2,1
262,18,4,8,7,3,0
263,5,5,6,8,4,1
264,25,7,6,7,3,0
265,18,6,8,3,3,1
266,5,7,6,8,2,0
267,5,7,7,7,3,1
268,19,7,11,8,2,1
269,9,7,8,7,3,0
270,19,7,6,1,2,0
271,15,5,6,8,4,1
272,1,5,7,7,3,1
273,19,6,8,3,3,1
274,19,6,7,7,3,1
275,1,7,8,6,2,1
276,15,6,7,8,4,1
277,19,6,11,8,4,1
278,15,6,6,8,4,1
279,15,6,8,8,4,1
280,15,6,7,8,4,1
281,15,6,11,8,4,1
282,15,6,7,8,4,1
283,15,6,6,8,4,1
284,10,5,11,8,1,0
285,19,6,6,8,3,1
286,12,5,6,7,1,0
287,19,7,6,3,3,0
288,15,6,2,8,4,0
289,19,6,8,7,3,0
290,15,6,7,8,4,1
291,15,6,6,8,4,1
292,15,6,11,8,4,1
293,18,6,7,3,3,1
294,19,7,7,7,3,0
295,18,7,11,8,2,0
296,18,7,11,0,2,0
297,27,7,11,7,3,1
298,19,5,6,2,2,0
299,5,6,8,8,4,1
300,12,7,6,8,1,1
301,27,5,11,8,4,1
302,9,5,8,6,3,0
303,9,6,11,5,3,0
304,18,5,8,8,3,1
305,27,5,7,8,4,1
306,5,5,6,8,4,1
307,9,6,7,6,3,0
308,15,6,11,8,4,0
309,18,7,11,7,3,0
310,18,5,11,3,4,1
311,18,6,11,7,3,0
312,18,5,7,5,2,1
313,27,5,8,8,2,0
314,19,7,10,0,2,0
315,19,7,8,7,3,0
316,18,7,10,3,2,0
317,19,6,7,8,4,1
318,15,6,7,8,4,1
319,15,6,6,8,4,1
320,19,5,7,8,0,0
321,9,6,8,6,3,0
322,19,5,11,8,2,0
323,27,5,8,7,3,0
324,2,5,6,4,2,0
325,19,7,11,1,2,1
326,19,6,8,4,3,0
327,19,5,7,7,3,0
328,18,6,8,6,3,0
329,5,7,2,1,2,0
330,15,6,10,8,4,1
331,18,6,11,8,4,1
332,18,6,7,7,3,0
333,15,6,6,8,4,1
334,27,6,7,8,4,1
335,15,7,2,5,4,1
336,15,6,8,8,4,1
337,15,6,10,8,4,1
338,15,6,6,8,4,1
339,15,6,7,8,4,1
340,15,6,8,8,4,1
341,5,6,10,3,4,1
342,18,5,10,7,3,0
343,27,6,6,8,4,1
344,15,6,11,8,4,1
345,15,6,7,8,4,1
346,15,6,11,8,4,1
347,15,6,10,8,4,1
348,27,6,10,6,4,0
349,15,6,10,8,4,1
350,19,6,10,7,4,1
351,9,7,8,0,2,0
352,9,6,8,7,3,0
353,9,6,8,7,3,0
354,18,5,8,6,3,0
355,9,7,7,8,2,1
356,19,7,11,5,2,1
357,9,7,10,5,2,1
358,18,7,8,5,2,0
359,18,6,11,6,3,0
360,19,7,10,1,2,1
361,12,7,11,8,1,1
362,9,7,7,5,2,1
363,20,7,6,7,3,1
364,18,7,6,8,2,0
365,18,6,2,8,2,0
366,19,7,8,7,3,0
367,18,5,6,8,3,0
368,18,7,10,8,3,1
369,18,6,6,7,3,0
370,18,6,11,7,3,0
371,18,6,8,7,3,1
372,18,6,6,8,4,0
373,27,5,6,4,4,1
374,27,5,10,8,4,1
375,27,5,7,8,3,1
376,19,5,7,8,4,1
377,27,5,11,8,4,0
378,15,5,7,8,4,1
379,0,5,7,8,4,1
380,15,5,7,8,4,1
381,18,5,11,4,3,1
382,12,5,8,7,4,0
383,18,5,6,7,3,0
384,27,5,6,3,2,0
385,18,6,6,6,3,1
386,5,7,8,8,3,1
387,27,7,10,7,2,0
388,20,7,10,7,3,0
389,27,7,8,1,2,0
390,9,5,6,4,2,0
391,19,7,6,7,3,0
392,18,5,11,1,2,0
393,5,6,8,6,3,0
394,25,7,8,8,2,0
395,18,7,11,6,3,0
396,27,7,6,7,3,0
397,9,7,11,7,3,0
398,18,7,7,0,2,1
399,18,7,8,6,3,0
400,18,7,11,7,3,1
401,18,7,10,8,2,0
402,19,5,10,4,4,0
403,18,7,8,1,2,0
404,27,7,10,2,2,1
405,19,5,7,7,3,0
406,5,7,6,1,2,0
407,18,6,8,7,3,0
408,18,6,11,7,3,0
409,15,6,11,8,4,1
410,18,7,7,8,2,1
411,9,6,8,5,4,0
412,15,6,11,8,4,1
413,15,6,10,8,4,1
414,15,6,7,8,4,1
415,18,6,8,7,3,0
416,15,6,7,8,4,1
417,15,6,11,8,4,1
418,15,6,7,8,4,1
419,15,6,10,8,4,1
420,15,6,10,8,4,1
421,25,7,11,7,3,0
422,18,6,8,3,4,1
423,1,7,7,2,2,1
424,9,6,8,7,3,0
425,19,7,10,1,1,1
426,25,7,8,7,3,0
427,2,7,6,5,2,1
428,19,7,8,4,2,1
429,5,7,7,6,2,1
430,9,6,10,7,4,1
431,19,6,11,4,3,1
432,27,5,6,6,2,0
433,20,7,10,7,3,0
434,9,7,11,5,2,0
435,27,7,8,1,2,0
436,5,7,11,8,2,1
437,27,7,6,6,2,1
438,9,7,7,8,2,1
439,18,7,11,3,2,0
440,5,7,8,8,2,1
441,9,6,11,7,3,0
442,19,2,7,7,1,0
443,9,7,7,5,2,1
444,19,7,11,1,1,1
445,18,7,6,7,3,1
446,27,6,8,6,3,0
447,18,5,8,8,3,0
448,20,7,10,7,3,1
449,15,6,10,8,4,1
450,9,6,6,5,1,0
451,9,6,11,7,3,0
452,27,6,7,8,4,0
453,9,6,11,3,4,0
454,1,6,10,8,4,1
455,15,6,6,8,4,1
456,18,7,10,4,2,1
457,15,6,8,8,4,1
458,15,6,7,8,4,1
459,15,6,11,8,4,1
460,15,6,7,8,4,1
461,9,6,10,4,4,1
462,9,6,6,7,4,0
463,19,7,6,7,3,1
464,9,5,7,8,4,0
465,9,5,11,7,3,0
466,27,5,7,5,2,1
467,9,5,8,5,2,1
468,19,5,8,8,4,1
469,2,7,7,7,3,1
470,19,5,10,3,3,0
471,9,7,8,7,2,0
472,9,7,7,4,2,1
473,9,7,7,4,3,1
474,9,7,9,5,3,1
475,18,7,10,7,3,0
476,27,7,7,7,3,1
477,15,5,11,8,4,1
478,18,7,10,6,3,0
479,27,7,8,4,2,0
480,9,7,11,8,2,0
481,27,5,8,8,3,1
482,19,6,11,6,3,0
483,15,6,11,8,4,1
484,18,7,9,7,3,0
485,15,6,7,8,4,1
486,15,6,10,8,4,1
487,15,6,11,8,4,1
488,19,6,8,7,3,0
489,27,6,10,7,4,0
490,15,6,11,8,4,1
491,18,6,10,7,4,0
492,15,6,7,8,4,1
493,27,6,7,7,3,0
494,15,6,8,8,4,1
495,9,7,7,3,2,1
496,27,6,11,5,4,0
497,27,6,10,7,4,0
498,15,6,7,8,4,1
499,15,6,8,8,4,1
500,15,6,11,8,4,1
501,15,6,10,8,4,1
502,5,7,10,1,2,1
503,27,7,11,5,2,1
504,19,7,10,0,2,0
505,18,7,6,1,2,1
506,19,7,6,7,3,1
507,18,7,6,0,2,1
508,27,7,6,6,2,1
509,27,5,8,8,3,1
510,18,7,2,7,3,0
511,19,7,6,1,2,0
512,27,7,6,7,3,0
513,18,7,6,7,3,0
514,19,7,8,5,2,1
515,18,5,10,8,3,1
516,18,5,10,3,2,0
517,19,5,6,8,3,1
518,19,6,6,7,1,0
519,19,5,6,5,2,0
520,27,5,6,8,4,0
521,18,5,10,6,3,0
522,19,7,10,3,3,1
523,15,5,8,6,3,1
524,19,7,11,0,2,1
525,27,7,7,7,3,1
526,18,7,8,7,3,1
527,27,5,6,6,3,0
528,19,7,7,7,3,0
529,19,7,10,0,2,1
530,19,7,10,3,2,1
531,18,6,7,4,2,1
532,27,5,8,6,3,1
533,19,6,11,7,3,0
534,18,5,6,8,2,1
535,15,7,8,8,4,1
536,18,7,7,6,3,0
537,18,5,7,8,2,1
538,27,7,6,8,3,1
539,9,5,10,3,3,1
540,15,6,10,8,4,1
541,19,6,11,7,4,0
542,15,6,10,8,4,1
543,15,6,7,8,4,1
544,18,6,11,7,4,0
545,15,6,8,8,4,1
546,15,6,8,8,4,1
547,15,6,11,8,4,0
548,9,6,6,8,4,0
549,15,6,6,8,4,1
550,27,5,7,8,3,1
551,18,5,6,8,4,1
552,15,5,11,8,4,1
553,18,5,8,7,3,0
554,10,5,7,7,4,0
555,9,7,7,4,2,0
556,5,7,6,7,4,1
557,5,5,11,8,4,1
558,19,7,8,3,1,0
559,15,6,11,8,4,1
560,19,5,7,8,4,1
561,27,6,7,7,3,0
562,19,5,6,8,4,1
563,9,6,6,7,3,0
564,9,6,8,3,3,1
565,12,5,11,8,4,1
566,5,7,8,5,2,0
567,25,7,7,1,4,1
568,15,5,10,7,4,1
569,18,7,11,7,3,1
570,18,7,6,5,2,1
571,19,7,10,7,3,0
572,9,6,8,6,3,1
573,9,7,11,5,3,1
574,15,7,6,8,4,0
575,20,7,7,3,2,0
576,19,4,7,7,3,0
577,15,5,6,5,2,1
578,18,6,10,7,4,1
579,18,6,11,7,3,0
580,18,7,8,1,2,1
581,1,7,9,5,2,0
582,18,7,9,8,4,0
583,5,7,11,8,2,1
584,9,7,10,5,2,1
585,18,7,8,4,2,0
586,18,7,6,8,2,1
587,15,6,10,8,4,1
588,15,6,8,8,4,1
589,18,6,10,6,4,0
590,18,5,10,7,3,1
591,18,5,7,7,3,0
592,10,2,6,7,3,0
593,15,7,11,8,4,0
594,18,6,6,4,3,1
595,9,7,11,5,2,1
596,9,6,11,6,3,0
597,10,4,8,7,3,0
598,9,6,10,7,3,0
599,19,7,8,3,2,0
600,15,7,7,8,2,1
601,19,7,11,8,2,0
602,0,7,9,8,3,1
603,19,7,8,7,3,0
604,27,6,7,7,3,0
605,15,6,11,8,4,1
606,15,6,8,8,4,1
607,15,6,6,8,4,1
608,15,6,10,8,4,1
609,18,6,11,8,4,1
610,15,6,8,8,4,1
611,15,6,7,8,4,1
612,9,7,7,5,2,0
613,18,7,8,7,3,1
614,18,7,11,8,4,1
615,27,5,11,8,4,1
616,5,7,7,7,3,1
617,18,7,6,6,3,0
618,5,7,8,7,3,1
619,15,5,7,8,4,1
620,18,7,7,3,4,1
621,18,7,11,4,2,0
622,15,6,10,8,4,1
623,15,6,6,8,4,0
624,12,7,8,4,4,1
625,10,7,10,5,3,1
626,19,7,6,4,2,1
627,18,6,8,6,3,0
628,18,7,6,7,3,1
629,27,7,8,8,2,1
630,5,7,10,2,4,1
631,15,7,7,6,3,1
632,5,7,8,6,2,1
633,19,7,6,7,3,0
634,18,5,11,8,4,0
635,15,5,11,6,4,1
636,18,5,7,3,4,1
637,18,7,11,6,3,0
638,18,7,8,7,2,0
639,0,7,7,8,4,1
640,9,7,6,0,2,1
641,12,6,10,8,1,1
642,5,5,10,8,4,0
643,18,5,6,8,4,1
644,18,7,7,5,3,1
645,18,7,8,5,3,0
646,9,7,7,8,4,0
647,20,5,11,3,4,0
648,9,7,10,7,3,0
649,19,6,8,7,3,0
650,19,6,8,6,3,0
651,18,5,11,4,4,1
652,15,6,11,8,4,1
653,15,6,10,8,4,1
654,18,6,11,6,4,0
655,15,6,7,8,4,1
656,19,5,8,5,2,1
657,18,7,6,7,3,0
658,0,7,11,0,2,0
659,20,7,6,2,3,1
660,10,5,10,8,2,0
661,27,5,7,7,2,1
662,9,5,11,4,3,1
663,19,7,6,8,2,0
664,19,7,7,7,3,0
665,19,7,10,4,2,1
666,19,6,10,7,4,0
667,18,6,8,7,3,0
668,19,7,6,7,3,1
669,18,6,8,3,3,0
670,18,6,7,6,3,0
671,27,7,8,7,3,0
672,18,7,8,8,3,1
673,9,7,6,3,2,1
674,9,5,10,7,3,0
675,27,7,9,7,3,0
676,19,6,8,5,3,0
677,27,7,9,8,3,1
678,18,4,7,6,3,0
679,27,4,8,7,3,0
680,19,6,6,8,2,0
681,15,7,11,8,2,0
682,27,7,11,7,3,0
683,18,7,7,7,3,1
684,15,6,10,8,4,1
685,15,6,8,8,4,1
686,15,6,11,8,4,1
687,15,6,6,8,4,1
688,15,6,7,8,4,1
689,18,6,10,7,4,0
690,15,6,11,8,4,0
691,15,6,11,8,4,1
692,18,5,10,3,2,1
693,18,7,7,7,3,1
694,19,7,11,8,2,1
695,18,7,8,3,2,0
696,18,7,8,6,3,0
697,5,7,7,8,2,1
698,18,5,11,8,3,1
699,18,5,8,8,3,1
700,27,6,11,2,4,1
701,5,7,6,7,3,0
702,15,6,11,8,4,1
703,15,6,11,8,4,1
704,18,6,8,3,4,1
705,15,6,7,8,4,1
706,18,5,10,7,4,0
707,25,6,11,7,3,0
708,19,5,8,2,4,1
709,9,2,7,8,1,0
710,18,6,8,7,3,0
711,20,7,11,8,4,1
712,20,7,6,8,2,1
713,9,4,8,7,2,0
714,19,6,11,8,3,1
715,5,7,10,7,3,0
716,18,6,11,7,3,0
717,15,6,10,8,4,1
718,15,6,11,8,4,1
719,15,6,6,8,4,1
720,15,6,10,8,4,0
721,15,6,7,8,4,1
722,18,6,8,7,4,0
723,15,6,7,8,4,1
724,9,6,11,3,4,1
725,2,6,10,7,4,0
726,15,6,8,8,4,1
727,15,6,6,8,4,1
728,19,5,6,3,2,0
729,18,7,10,6,3,1
730,18,7,6,7,3,0
731,19,7,8,7,2,0
732,18,7,7,8,3,0
733,19,6,11,6,2,0
734,18,6,8,7,2,0
735,18,7,10,5,2,1
736,19,7,8,3,2,0
737,18,7,11,7,3,0
738,19,7,6,1,3,0
739,18,7,6,3,2,0
740,1,7,10,6,3,1
741,27,7,10,7,3,1
742,19,7,8,8,2,0
743,15,7,6,3,2,1
744,25,7,11,0,4,1
745,18,7,6,8,3,0
746,9,7,8,5,2,1
747,18,7,8,5,2,0
748,25,7,7,8,3,1
749,18,7,11,4,2,1
750,5,7,6,8,2,1
751,19,7,11,0,2,0
752,25,7,6,7,3,1
753,18,7,10,6,3,0
754,27,6,6,6,1,0
755,9,6,10,8,4,0
756,19,6,8,7,3,0
757,19,6,10,5,3,0
758,9,5,11,8,4,1
759,18,6,8,6,3,0
760,18,6,11,7,3,0
761,19,6,8,7,4,0
762,19,6,11,7,4,0
763,15,6,8,8,4,1
764,27,6,6,6,2,0
765,9,6,8,7,4,0
766,15,6,10,8,4,1
767,18,6,10,8,4,1
768,9,6,6,7,3,1
769,18,7,8,6,3,0
770,15,6,10,8,4,0
771,19,6,11,6,2,0
772,15,6,6,8,4,1
773,9,6,7,6,4,1
774,18,5,6,6,4,0
775,19,5,6,8,4,1
776,9,5,7,6,4,1
777,27,5,8,3,3,0
778,18,5,11,4,4,1
779,5,5,7,8,4,1
780,18,5,10,7,3,0
781,27,5,11,7,4,0
782,10,5,6,5,1,0
783,20,5,7,8,4,1
784,0,5,7,8,4,1
785,15,5,8,8,4,1
786,18,5,11,2,4,1
787,18,5,7,3,4,1
788,18,5,6,8,1,1
789,18,5,8,8,4,0
790,27,5,11,8,3,0
791,10,5,10,8,4,0
792,18,5,11,3,2,1
793,15,5,10,8,4,1
794,15,5,10,8,4,1
795,18,5,6,6,3,0
796,27,5,7,5,4,1
797,9,6,10,8,3,0
798,19,7,7,4,3,1
799,25,7,10,6,3,1
800,9,7,7,8,2,1
801,27,7,6,8,2,1
802,19,5,11,4,4,1
803,15,6,7,8,4,1
804,19,6,6,8,2,0
805,15,6,7,8,4,1
806,19,6,11,5,3,0
807,15,6,8,8,4,0
808,15,6,11,8,4,1
809,15,6,7,8,4,1
810,15,6,2,8,4,0
811,15,6,8,6,4,1
812,18,6,10,8,4,1
813,18,6,8,7,3,0
814,10,7,6,8,0,1
815,19,6,8,7,3,0
816,19,6,7,7,3,0
817,9,7,7,4,3,1
818,25,5,11,8,3,0
819,18,7,11,3,2,0
820,12,7,10,8,3,0
821,18,6,8,6,3,0
822,9,7,11,8,2,1
823,19,6,7,4,2,0
824,15,5,11,8,4,1
825,5,7,10,8,3,1
826,18,7,8,8,2,1
827,27,7,11,5,3,0
828,20,7,6,8,2,1
829,0,7,11,8,4,1
830,19,7,7,8,3,1
831,9,6,7,6,2,0
832,19,7,10,7,2,0
833,25,5,6,8,4,1
834,19,6,7,7,3,0
835,27,5,8,6,4,0
836,9,5,11,8,4,0
837,18,7,8,7,3,0
838,18,5,6,6,4,0
839,15,6,10,8,4,1
840,15,6,6,8,4,0
841,27,5,7,7,4,0
842,15,6,8,6,4,0
843,15,6,7,8,4,1
844,15,6,10,8,4,1
845,18,5,6,8,4,1
846,18,5,11,7,3,0
847,18,5,6,7,3,0
848,9,5,6,8,2,1
849,19,6,10,7,4,0
850,18,7,11,1,3,0
851,5,5,10,8,2,0
852,18,7,6,8,2,1
853,27,7,7,6,3,0
854,18,7,11,6,2,0
855,5,5,8,8,3,1
856,9,7,8,7,3,0
857,9,7,6,6,2,0
858,9,7,9,7,3,0
859,5,6,11,5,2,0
860,18,6,7,6,3,1
861,27,7,8,8,2,1
862,5,6,11,7,3,0
863,5,5,11,8,3,1
864,27,6,11,6,3,1
865,18,5,10,6,3,0
866,27,5,6,7,3,1
867,19,5,10,8,3,0
868,18,6,8,3,3,1
869,19,4,8,5,3,0
870,18,7,7,6,3,1
871,18,7,6,7,3,1
872,25,6,7,7,3,0
873,18,7,11,8,4,1
874,15,5,6,6,3,1
875,19,7,8,3,3,1
876,27,6,7,5,3,1
877,0,7,2,5,2,1
878,18,7,11,8,3,1
879,15,6,6,8,4,1
880,9,6,10,6,3,0
881,18,7,6,1,2,0
882,9,7,8,3,3,1
883,5,7,10,7,3,1
884,0,6,11,8,3,0
885,15,5,6,8,2,1
886,19,5,7,8,2,1
887,18,5,10,3,2,0
888,18,7,10,8,3,1
889,9,7,8,7,3,0
890,27,7,7,4,2,1
891,2,7,6,8,3,1
892,9,6,6,6,4,0
893,9,5,8,3,3,1
894,15,5,6,6,2,1
895,18,5,6,8,3,0
896,9,4,8,7,3,0
897,9,4,8,7,3,0
898,19,4,6,8,2,0
899,9,4,8,7,3,1
900,9,6,8,7,3,0
901,19,6,7,3,3,1
902,5,7,6,4,1,1
903,27,7,10,6,3,0
904,18,7,6,8,2,1
905,19,7,7,8,2,1
906,15,6,8,8,4,1
907,25,6,10,7,4,0
908,15,6,6,8,4,1
909,18,6,8,4,4,0
910,15,6,6,8,4,1
911,15,6,10,8,4,1
912,15,6,7,8,4,1
913,15,6,8,7,4,1
914,18,6,10,8,4,0
915,1,6,6,7,3,0
916,15,6,8,8,4,1
917,15,6,7,8,4,1
918,10,6,10,6,4,1
919,10,7,6,2,4,0
920,19,7,7,5,3,1
921,18,7,10,7,3,0
922,18,6,10,7,4,0
923,9,6,10,6,4,0
924,19,7,7,4,3,1
925,19,7,10,7,3,1
926,15,6,6,8,4,1
927,15,6,8,8,4,1
928,27,7,10,8,3,1
929,15,6,6,8,4,1
930,15,6,10,8,4,1
931,9,7,8,6,3,0
932,27,7,11,7,3,0
933,18,7,9,2,2,0
934,18,7,11,8,2,0
935,18,7,11,7,2,0
936,18,7,6,7,3,0
937,15,6,10,8,4,0
938,15,6,8,8,4,1
939,15,6,7,8,4,1
940,19,6,10,8,4,1
941,27,7,7,8,3,1
942,15,6,7,8,4,1
943,15,6,6,8,4,1
944,18,7,7,8,2,1
945,19,7,11,1,2,0
946,18,7,11,6,3,1
947,27,5,6,6,3,1
948,18,5,7,7,3,0
949,18,5,11,7,3,0
950,27,5,11,6,2,1
951,18,5,11,8,2,0
952,5,5,11,8,2,1
953,9,6,11,3,3,1
954,27,5,11,7,2,0
955,18,6,11,7,3,0
956,18,5,11,3,2,0
957,18,5,11,4,2,0
958,19,5,7,8,2,1
959,5,7,11,4,2,1
960,18,6,7,6,3,1
961,27,7,7,5,2,1
962,27,6,11,5,2,0
963,27,7,7,7,3,1
964,9,7,11,7,3,0
965,19,6,11,7,4,0
966,19,7,11,0,2,1
967,19,7,7,2,2,1
968,19,6,11,8,4,0
969,10,6,11,4,0,1
970,25,7,11,8,2,1
971,18,7,7,0,2,1
972,10,7,11,3,2,1
973,9,4,7,7,1,0
974,18,6,11,7,3,0
975,19,7,7,6,3,0
976,18,7,11,6,3,0
977,9,6,7,7,1,0
978,27,7,7,6,3,1
979,9,7,11,0,2,0
980,5,5,7,7,2,0
981,27,5,7,8,3,1
982,9,5,11,8,3,1
983,18,6,7,6,3,1
984,19,4,8,7,3,0
985,19,7,11,2,2,1
986,18,5,7,8,2,0
987,20,7,10,1,2,1
988,12,7,10,8,4,1
989,26,7,7,6,4,1
990,19,7,11,8,3,0
991,18,7,8,7,3,0
992,27,7,10,5,4,1
993,19,7,8,7,2,0
994,9,5,11,8,3,0
995,9,6,8,3,3,1
996,19,5,10,3,2,0
997,18,6,7,6,3,0
998,19,6,10,7,4,0
999,9,6,7,4,2,0
1000,19,6,10,1,4,0
1001,9,6,8,6,3,0
1002,19,6,11,3,3,0
1003,15,6,7,8,4,1
1004,18,6,11,6,3,0
1005,27,6,8,5,4,0
1006,15,6,10,8,4,0
1007,15,6,7,8,4,1
1008,26,6,5,6,3,0
1009,15,6,7,8,4,1
1010,18,5,8,6,2,0
1011,5,5,7,8,2,1
1012,10,5,8,7,4,0
1013,19,7,6,8,4,0
1014,5,6,11,7,4,1
1015,19,7,7,4,4,1
1016,9,7,11,4,4,0
1017,19,7,8,7,3,1
1018,18,7,10,8,4,0
1019,18,7,8,7,3,0
1020,19,7,7,8,3,1
1021,9,7,8,7,3,0
1022,18,7,11,6,4,1
1023,9,7,10,6,2,1
1024,19,7,8,8,3,1
1025,18,7,8,7,3,0
1026,19,6,8,6,3,0
1027,9,5,6,7,3,1
1028,18,5,7,7,3,1
1029,1,6,8,7,3,1
1030,12,5,10,7,4,0
1031,18,5,11,8,3,1
1032,19,7,6,1,3,0
1033,19,7,11,6,2,0
1034,5,7,10,7,2,0
1035,15,6,7,8,4,1
1036,5,6,8,7,3,0
1037,15,6,6,8,4,1
1038,15,6,10,8,4,0
1039,1,7,8,7,3,1
1040,19,7,5,4,2,1
1041,27,5,6,6,2,1
1042,0,5,2,8,2,1
1043,5,5,2,8,2,1
1044,12,6,6,6,3,1
1045,9,7,8,8,3,0
1046,19,7,7,1,2,0
1047,19,7,6,7,3,0
1048,19,7,8,6,2,1
1049,19,7,11,8,2,1
1050,19,4,8,6,3,0
1051,0,7,8,8,2,1
1052,18,7,2,7,3,1
1053,18,7,11,8,2,0
1054,27,7,7,6,2,0
1055,0,7,10,8,2,1
1056,20,7,6,0,2,0
1057,19,7,5,3,2,1
1058,9,7,11,5,2,0
1059,2,7,7,3,2,0
1060,18,5,6,7,3,1
1061,27,6,2,7,3,1
1062,18,6,7,6,3,0
1063,18,6,8,6,3,0
1064,9,6,7,7,3,0
1065,18,7,10,7,3,0
1066,15,6,5,8,4,1
1067,15,6,7,8,4,1
1068,15,6,11,8,4,1
1069,15,6,8,8,4,1
1070,15,6,6,8,4,1
1071,15,6,2,8,4,1
1072,9,6,2,5,2,1
1073,9,7,8,7,2,0
1074,5,6,2,7,3,1
1075,15,6,10,8,4,1
1076,9,6,8,6,4,0
1077,15,6,8,8,4,1
1078,15,6,11,8,4,1
1079,20,6,11,3,4,0
1080,15,6,10,8,4,1
1081,15,6,2,8,4,1
1082,19,6,2,7,3,0
1083,10,5,5,8,2,1
1084,19,5,7,8,2,0
1085,19,5,11,8,2,0
1086,19,7,6,7,3,0
1087,5,5,10,5,2,0
1088,27,5,6,5,2,0
1089,10,5,8,8,2,1
1090,27,7,8,5,3,0
1091,18,7,11,7,2,0
1092,19,7,11,3,2,0
1093,18,6,2,7,3,0
1094,9,7,7,8,2,1
1095,9,6,8,6,3,0
1096,9,7,10,7,3,0
1097,9,7,11,3,2,0
1098,27,5,8,6,2,1
1099,9,6,11,3,2,0
1100,15,6,9,4,3,0
1101,27,7,2,7,3,0
1102,10,6,2,5,0,1
1103,27,7,5,6,2,1
1104,18,7,10,8,2,0
1105,15,7,8,3,2,1
1106,5,5,8,8,2,0
1107,18,6,2,6,3,1
1108,18,7,6,8,2,1
1109,18,7,11,7,3,0
1110,18,5,7,3,2,1
1111,27,7,11,8,2,0
1112,19,7,8,3,2,1
1113,19,7,5,3,2,1
1114,19,7,11,2,2,1
1115,18,6,5,6,3,0
1116,19,7,7,8,2,1
1117,18,7,10,6,3,0
1118,15,6,6,8,4,0
1119,27,7,2,6,2,1
1120,19,6,2,5,2,0
1121,15,6,6,8,4,1
1122,19,6,6,5,1,1
1123,15,6,11,8,4,1
1124,9,6,10,3,4,1
1125,15,6,5,8,4,1
1126,15,6,6,8,4,1
1127,5,7,8,8,2,1
1128,9,7,10,8,2,1
1129,5,7,6,8,2,0
1130,19,5,11,7,3,0
1131,18,5,10,6,3,0
1132,27,7,6,7,2,1
1133,18,5,7,5,2,1
1134,19,7,7,8,2,0
1135,27,6,6,5,3,1
1136,9,6,6,3,2,0
1137,9,6,10,7,4,0
1138,18,7,6,8,2,1
1139,19,7,6,8,2,1
1140,10,7,11,2,2,1
1141,27,5,6,7,3,1
1142,18,7,7,8,2,1
1143,19,7,5,8,2,1
1144,19,7,11,7,2,1
1145,18,7,10,8,2,0
1146,18,7,7,8,2,1
1147,27,7,6,6,3,0
1148,10,5,10,4,2,1
1149,15,6,5,8,4,1
1150,19,7,6,7,3,0
1151,27,7,6,7,3,1
1152,27,7,11,8,2,0
1153,19,7,10,1,2,0
1154,19,7,7,6,2,0
1155,18,5,11,5,2,0
1156,15,6,2,8,4,1
1157,15,6,7,8,4,1
1158,15,6,5,8,4,1
1159,15,6,8,8,4,0
1160,15,6,8,8,4,0
1161,27,6,6,5,3,0
1162,15,6,6,8,4,1
1163,27,5,10,7,3,0
1164,19,7,8,4,2,0
1165,19,7,10,3,2,0
1166,18,5,7,7,3,1
1167,18,5,10,4,2,1
1168,18,5,6,6,2,1
1169,19,5,5,3,2,1
1170,9,7,7,7,3,1
1171,9,7,6,7,3,0
1172,18,7,10,7,2,1
1173,19,5,6,6,2,0
1174,1,7,8,8,2,1
1175,9,7,7,8,2,0
1176,19,7,6,8,2,1
1177,18,6,8,6,3,0
1178,2,7,10,8,2,1
1179,18,5,11,5,2,0
1180,18,7,11,6,2,1
1181,27,7,10,5,2,1
1182,19,6,8,7,3,0
1183,19,7,6,4,2,1
1184,18,5,10,8,2,1
1185,9,7,7,8,2,0
1186,18,7,11,6,3,0
1187,15,5,5,8,2,1
1188,18,7,11,8,2,1
1189,19,5,7,8,2,0
1190,9,5,9,5,2,1
1191,18,7,10,7,2,1
1192,18,7,9,8,2,0
1193,27,2,8,7,3,0
1194,19,7,8,5,2,1
1195,27,7,8,8,2,1
1196,9,7,6,8,1,0
1197,19,4,10,1,4,0
1198,9,6,8,5,3,0
1199,27,7,9,7,3,0
1200,10,7,6,5,2,0
1201,19,7,7,5,2,1
1202,18,7,10,6,2,0
1203,15,6,11,8,4,1
1204,15,6,8,8,4,1
1205,15,6,5,8,4,1
1206,15,6,6,8,4,1
1207,18,7,11,7,3,1
1208,15,6,5,8,4,1
1209,9,7,9,6,2,1
1210,10,7,7,8,2,1
1211,18,5,7,6,3,0
1212,18,5,11,8,2,1
1213,27,5,6,7,2,1
1214,9,7,9,8,2,1
1215,5,5,10,7,3,1
1216,9,5,8,8,2,0
1217,19,5,5,8,2,1
1218,18,7,7,6,2,0
1219,9,6,6,7,3,0
1220,18,5,6,2,2,1
1221,27,7,7,5,2,0
1222,18,6,8,3,3,0
1223,18,6,8,7,3,0
1224,9,6,9,5,3,1
1225,27,6,8,7,3,0
1226,18,7,9,8,2,0
1227,18,7,8,8,2,0
1228,18,7,6,6,3,0
1229,27,7,11,7,3,0
1230,19,5,10,5,2,0
1231,9,6,9,7,3,0
1232,19,7,7,6,2,1
1233,27,4,10,5,4,0
1234,15,6,8,8,4,1
1235,15,6,11,8,4,1
1236,15,6,5,8,4,1
1237,5,6,9,7,3,0
1238,18,6,8,7,3,0
1239,18,7,11,6,3,0
1240,9,6,7,7,4,1
1241,5,6,8,7,4,1
1242,15,6,9,8,4,1
1243,15,6,9,8,4,1
1244,15,6,8,7,4,1
1245,19,5,6,7,3,0
1246,18,5,8,8,2,1
1247,18,5,8,7,3,0
1248,18,5,6,8,2,1
1249,18,5,9,7,2,1
1250,9,7,11,4,2,1
1251,20,6,6,7,4,0
1252,9,6,9,8,3,0
1253,5,5,8,6,2,0
1254,27,5,10,5,2,0
1255,18,7,6,7,3,1
1256,9,5,9,6,2,1
1257,10,7,5,7,3,0
1258,10,6,8,7,3,0
1259,5,7,8,7,3,0
1260,9,7,11,8,2,0
1261,9,7,9,7,3,0
1262,9,7,8,7,2,0
1263,18,6,8,4,3,0
1264,27,6,9,6,3,1
1265,9,7,10,7,2,0
1266,19,7,6,6,2,0
1267,18,6,8,7,3,1
1268,27,6,9,6,3,1
1269,15,6,11,8,4,1
1270,15,6,2,8,4,1
1271,15,6,5,8,4,1
1272,15,6,9,8,4,1
1273,5,6,8,7,3,1
1274,18,7,9,4,2,0
1275,18,6,8,6,4,0
1276,15,6,8,8,4,1
1277,15,6,10,8,4,0
1278,15,6,11,8,4,1
1279,18,5,5,8,2,1
1280,18,7,11,7,3,0
1281,9,5,7,3,2,0
1282,18,6,8,7,3,0
1283,18,6,9,6,3,0
1284,15,6,7,8,4,1
1285,9,4,7,7,3,0
1286,9,6,8,4,3,0
1287,19,7,8,8,4,1
1288,1,7,9,3,4,1
1289,18,5,10,7,4,0
1290,18,6,8,7,3,0
1291,25,7,6,7,4,1
1292,18,7,11,7,3,1
1293,18,6,8,7,4,0
1294,9,7,10,6,4,1
1295,18,6,10,6,4,0
1296,19,5,11,8,2,1
1297,9,6,9,7,3,1
1298,5,7,7,3,4,1
1299,18,7,6,4,2,1
1300,15,6,5,8,4,1
1301,15,6,11,8,4,1
1302,15,6,10,8,4,1
1303,9,6,9,4,3,1
1304,15,6,7,8,4,1
1305,9,2,7,7,3,0
1306,15,6,6,8,4,1
1307,9,2,7,7,3,0
1308,0,6,5,8,4,1
1309,19,7,6,7,3,1
1310,15,6,10,8,4,1
1311,15,6,7,8,4,1
1312,18,6,9,4,2,1
1313,18,6,11,7,3,0
1314,25,7,8,8,4,0
1315,18,7,7,1,4,1
1316,15,6,9,8,4,1
1317,9,6,10,5,4,1
1318,18,6,5,7,3,0
1319,1,7,7,7,3,0
1320,19,6,10,7,4,0
1321,18,7,11,8,4,0
1322,27,5,11,8,4,1
1323,5,5,7,3,4,1
1324,18,5,6,6,3,0
1325,18,5,9,0,3,0
1326,27,5,10,5,4,0
1327,18,7,11,6,3,1
1328,5,5,5,7,4,1
1329,18,7,8,7,3,0
1330,27,7,6,5,4,1
1331,18,7,7,0,4,0
1332,18,7,10,7,3,1
1333,18,7,11,3,4,0
1334,18,7,7,7,4,1
1335,18,7,10,8,2,0
1336,27,7,6,5,4,1
1337,1,7,7,6,4,1
1338,19,7,6,3,2,0
1339,12,7,8,8,4,0
1340,18,5,8,5,4,1
1341,9,5,10,7,4,0
1342,18,7,8,6,3,0
1343,5,5,6,7,3,0
1344,18,7,11,5,3,0
1345,0,5,9,8,3,1
1346,18,7,8,6,3,1
1347,9,7,11,8,2,1
1348,20,7,7,8,2,0
1349,18,6,5,7,3,0
1350,27,7,6,5,2,1
1351,18,6,10,7,4,0
1352,19,6,7,7,2,0
1353,5,7,5,8,2,1
1354,19,5,9,8,2,1
1355,18,7,7,8,2,0
1356,19,7,11,8,2,0
1357,18,6,11,7,3,1
1358,18,7,6,4,2,1
1359,18,6,7,7,1,1
1360,15,6,6,8,4,1
1361,15,6,7,8,4,1
1362,9,6,6,5,4,1
1363,15,6,10,8,4,0
1364,15,6,9,8,4,1
1365,15,6,6,8,4,1
1366,27,7,8,8,2,0
1367,18,6,10,5,3,1
1368,27,6,10,6,4,1
1369,9,6,7,6,4,1
1370,15,6,11,8,4,1
1371,9,6,10,4,4,1
1372,18,6,10,6,4,0
1373,15,6,9,8,4,1
1374,15,6,6,8,4,1
1375,27,6,8,5,3,1
1376,9,6,7,7,4,0
1377,18,7,7,7,2,1
1378,18,7,10,7,3,1
1379,19,6,11,8,4,0
1380,18,7,9,8,2,0
1381,19,5,7,4,2,1
1382,15,5,11,8,2,1
1383,20,2,7,8,2,0
1384,18,6,11,7,3,0
1385,18,7,6,8,2,0
1386,19,5,6,3,2,0
1387,18,7,11,2,4,1
1388,9,5,8,8,2,1
1389,18,6,10,1,4,0
1390,18,7,8,8,2,1
1391,19,5,6,6,2,0
1392,15,5,10,8,2,0
1393,18,5,11,7,4,0
1394,18,5,9,8,2,1
1395,15,5,5,3,2,1
1396,19,5,10,4,2,1
1397,18,6,11,7,3,0
1398,18,6,5,7,3,0
1399,19,7,9,8,2,1
1400,18,6,8,7,3,0
1401,5,7,10,8,2,1
1402,18,6,6,6,4,0
1403,10,2,7,7,3,0
1404,9,6,8,6,3,1
1405,20,6,10,7,4,0
1406,20,6,11,5,2,1
1407,19,6,11,4,2,0
1408,18,7,8,8,2,1
1409,9,7,6,8,2,1
1410,10,7,10,7,2,0
1411,9,7,9,7,3,1
1412,9,7,11,6,2,0
1413,20,7,6,8,2,0
1414,18,7,8,8,2,1
1415,9,7,5,2,2,1
1416,15,5,7,8,2,1
1417,19,6,5,8,2,0
1418,18,6,5,7,3,0
1419,27,5,9,8,2,1
1420,9,7,6,5,2,1
1421,5,5,11,7,2,0
1422,19,6,7,7,2,0
1423,15,6,6,8,4,1
1424,15,6,8,8,4,1
1425,18,5,8,8,2,1
1426,18,5,10,8,2,1
1427,27,5,9,7,3,0
1428,20,5,5,7,2,0
1429,19,5,10,8,2,0
1430,18,5,11,7,3,0
1431,5,7,10,6,2,1
1432,27,7,8,7,2,0
1433,18,5,7,6,2,0
1434,9,7,7,4,2,0
1435,18,6,11,7,3,0
1436,15,5,10,8,2,1
1437,18,5,8,7,3,0
1438,19,4,11,7,3,0
1439,27,7,7,7,3,0
1440,19,7,6,8,2,1
1441,19,7,9,7,3,1
1442,9,7,8,8,2,1
1443,25,7,10,7,3,1
1444,20,6,7,7,3,0
1445,18,6,11,8,4,0
1446,20,7,9,3,2,1
1447,9,7,10,7,2,0
1448,9,6,8,7,3,0
1449,19,7,6,8,3,0
1450,18,5,6,8,2,1
1451,9,4,8,7,3,1
1452,18,6,8,3,2,0
1453,19,7,8,7,3,0
1454,18,6,8,7,3,0
1455,27,7,11,7,3,1
1456,19,4,10,8,4,0
1457,18,6,9,7,3,0
1458,26,6,11,6,4,0
1459,15,5,8,8,2,1
1460,15,6,6,8,4,1
1461,5,5,6,2,2,1
1462,19,7,10,3,2,1
1463,15,6,11,8,4,1
1464,19,6,7,4,4,1
1465,15,6,9,7,4,1
1466,9,7,7,7,3,0
1467,18,5,11,8,2,0
1468,9,6,6,8,2,0
1469,9,7,10,8,2,0
1470,18,6,7,7,3,1
1471,0,5,8,8,2,0
1472,5,5,9,3,2,0
1473,10,7,7,8,2,1
1474,10,6,8,7,3,0
1475,9,6,7,7,3,1
1476,27,5,5,7,3,1
1477,27,7,9,5,2,0
1478,15,5,7,8,2,1
1479,9,5,11,5,2,1
1480,18,6,5,5,3,0
1481,19,7,11,7,3,0
1482,19,6,5,7,3,0
1483,26,7,8,7,3,0
1484,19,5,10,2,2,0
1485,15,6,7,8,4,1
1486,15,5,9,8,2,1
1487,15,6,5,8,4,1
1488,1,6,9,5,3,1
1489,27,6,6,7,3,0
1490,15,6,11,8,4,0
1491,5,5,7,7,2,1
1492,9,7,7,8,2,1
1493,15,6,7,8,4,1
1494,15,6,11,8,4,1
1495,15,6,7,8,4,1
1496,9,6,11,5,4,0
1497,18,7,6,8,2,0
1498,18,7,8,7,2,0
1499,18,7,10,8,2,1
1500,1,6,6,7,3,0
1501,19,7,9,8,2,0
1502,18,5,8,8,2,1
1503,15,5,6,8,2,1
1504,27,5,10,8,2,0
1505,19,5,11,4,2,0
1506,15,5,7,8,2,1
1507,18,7,11,8,2,0
1508,27,5,10,2,2,0
1509,18,7,6,8,2,0
1510,15,7,5,8,2,1
1511,9,7,10,8,2,0
1512,19,7,11,7,2,0
1513,27,7,9,3,2,0
1514,27,7,6,7,3,0
1515,19,6,11,7,3,1
1516,19,6,11,6,2,0
1517,19,7,5,3,2,1
1518,9,6,7,6,2,1
1519,18,7,11,7,2,0
1520,18,7,7,7,3,1
1521,9,5,9,5,2,1
1522,20,6,8,7,3,0
1523,19,7,8,5,2,0
1524,5,5,10,8,2,1
1525,19,7,5,6,2,1
1526,9,7,7,3,2,1
1527,18,7,9,5,2,1
1528,15,6,8,8,4,0
1529,19,5,7,8,2,0
1530,18,6,5,7,4,0
1531,18,6,11,8,4,0
1532,18,6,10,7,4,1
1533,5,6,9,7,4,1
1534,15,6,6,8,4,1
1535,15,6,7,8,4,1
1536,15,6,5,3,4,1
1537,27,6,8,5,2,0
1538,15,6,11,8,4,1
1539,9,6,8,3,3,0
1540,9,6,11,7,4,1
1541,19,7,6,5,2,0
1542,15,6,11,8,4,1
1543,15,6,8,8,4,1
1544,18,7,11,6,3,0
1545,15,6,7,8,4,1
1546,15,6,10,8,4,1
1547,15,6,9,8,4,1
1548,15,6,11,8,4,1
1549,15,5,7,8,2,1
1550,18,7,7,3,2,0
1551,15,5,8,6,2,0
1552,9,5,9,8,2,1
1553,5,5,9,8,2,0
1554,9,5,10,8,2,1
1555,9,7,6,8,2,0
1556,19,5,9,8,2,0
1557,18,5,10,7,2,0
1558,18,7,10,8,2,1
1559,27,5,6,5,2,1
1560,27,6,5,7,3,1
1561,9,5,9,5,2,0
1562,5,5,9,5,2,0
1563,18,7,10,4,2,0
1564,1,7,8,8,2,1
1565,18,5,7,8,2,0
1566,5,7,5,8,2,1
1567,27,6,10,7,4,1
1568,27,7,9,7,3,0
1569,15,6,5,3,3,1
1570,19,5,6,3,2,1
1571,5,6,5,7,3,1
1572,5,7,7,7,2,1
1573,18,6,10,4,2,1
1574,5,7,6,1,2,1
1575,18,7,8,7,2,1
1576,18,7,7,8,2,1
1577,18,6,8,6,3,0
1578,18,6,8,6,3,0
1579,18,7,11,8,2,1
1580,15,6,10,8,4,1
1581,15,6,9,8,4,1
1582,19,6,8,7,3,0
1583,27,7,7,6,2,1
1584,27,6,11,6,4,1
1585,20,6,11,8,2,0
1586,27,6,9,7,3,1
1587,18,6,8,6,4,0
1588,18,7,11,6,3,0
1589,27,6,8,6,3,0
1590,9,5,8,7,3,0
1591,15,7,6,8,2,1
1592,18,7,8,6,3,0
1593,26,5,10,7,2,1
1594,5,5,8,7,3,0
1595,19,6,8,7,3,0
1596,18,5,9,8,2,1
1597,27,5,8,7,3,0
1598,19,5,10,5,2,1
1599,9,5,11,5,2,0
1600,15,7,9,8,2,1
1601,5,5,10,7,3,1
1602,9,6,11,6,2,1
1603,18,7,5,7,2,0
1604,9,7,6,8,2,0
1605,18,5,9,6,3,1
1606,15,5,6,8,2,0
1607,10,7,8,6,2,0
1608,19,7,10,2,2,0
1609,27,6,11,6,2,1
1610,15,7,6,8,2,1
1611,9,6,11,7,3,0
1612,18,6,11,7,3,0
1613,20,7,7,8,2,0
1614,25,7,8,8,2,1
1615,18,7,9,5,2,1
1616,9,7,11,6,2,0
1617,5,7,10,7,3,1
1618,18,7,10,8,2,0
1619,19,6,11,7,3,0
1620,15,5,5,8,2,1
1621,1,6,9,7,3,0
1622,10,7,6,7,3,1
1623,15,5,6,8,2,0
1624,18,6,9,7,3,0
1625,27,6,7,7,3,1
1626,27,7,9,8,2,1
1627,27,6,9,7,3,1
1628,9,6,9,7,3,1
1629,27,7,7,8,2,1
1630,18,7,11,7,3,0
1631,15,6,10,8,4,1
1632,15,6,10,8,4,1
1633,15,6,11,8,4,1
1634,15,6,8,8,4,1
1635,15,6,8,8,4,1
1636,9,7,11,8,2,1
1637,15,6,10,8,4,1
1638,15,6,11,8,4,1
1639,15,6,8,8,4,1
1640,15,6,5,8,4,1
1641,9,6,9,0,2,0
1642,15,6,8,8,4,1
1643,15,6,6,8,4,1
1644,15,6,9,8,4,1
1645,19,6,10,7,4,1
1646,19,7,11,3,2,1
1647,9,5,9,7,3,0
1648,18,5,11,7,2,1
1649,10,5,6,8,2,0
1650,9,5,10,8,2,1
1651,27,5,8,8,2,1
1652,9,5,8,7,3,0
1653,15,7,10,6,2,1
1654,15,5,9,8,2,1
1655,25,5,6,8,2,1
1656,5,5,10,8,3,0
1657,27,5,6,8,2,1
1658,27,5,8,5,2,0
1659,18,5,8,6,3,0
1660,19,7,9,7,3,0
1661,10,7,8,5,2,1
1662,15,5,8,8,2,1
1663,18,7,10,7,2,0
1664,18,7,5,5,2,0
1665,18,7,5,6,2,0
1666,5,5,6,7,3,1
1667,18,5,10,8,2,1
1668,19,7,9,8,2,0
1669,9,5,2,8,2,0
1670,18,5,6,7,1,0
1671,18,7,6,7,3,0
1672,15,5,8,8,2,1
1673,9,5,8,4,2,1
1674,18,5,5,3,3,1
1675,15,7,9,8,2,1
1676,19,6,9,7,3,0
1677,18,6,8,7,3,0
1678,9,7,5,7,3,1
1679,19,6,8,7,4,0
1680,9,6,9,7,3,1
1681,18,7,10,7,3,0
1682,19,7,9,7,3,1
1683,18,7,5,3,2,1
1684,27,6,10,6,2,0
1685,18,7,6,7,3,0
1686,27,7,6,7,3,1
1687,9,4,6,7,1,0
1688,9,7,9,8,2,1
1689,18,5,5,6,3,0
1690,19,7,11,8,2,1
1691,19,7,8,8,2,1
1692,0,7,9,2,2,1
1693,27,6,9,6,2,1
1694,27,6,9,6,3,1
1695,27,6,9,7,3,0
1696,15,6,6,8,4,1
1697,15,6,11,8,4,1
1698,15,6,6,8,4,1
1699,15,6,7,8,4,1
1700,15,6,8,8,4,0
1701,9,6,9,7,3,0
1702,27,7,6,7,3,0
1703,18,5,5,8,2,1
1704,18,5,8,8,2,1
1705,18,5,11,8,2,1
1706,18,7,8,8,2,1
1707,19,5,11,7,3,0
1708,15,5,10,6,2,0
1709,19,4,8,7,3,0
1710,15,7,11,8,2,1
1711,20,5,7,8,2,0
1712,18,5,9,8,2,1
1713,18,5,6,8,2,1
1714,18,7,11,8,2,1
1715,18,7,10,7,3,0
1716,18,7,9,7,3,0
1717,19,6,7,7,3,1
1718,18,7,6,7,3,1
1719,27,7,7,5,2,1
1720,9,7,11,7,3,0
1721,18,7,9,5,2,1
1722,10,7,7,8,2,1
1723,9,7,8,5,2,1
1724,20,5,10,8,2,1
1725,19,7,9,7,3,0
1726,18,5,7,8,2,0
1727,27,7,10,7,3,0
1728,9,7,7,4,2,0
1729,18,7,6,8,2,0
1730,27,7,7,3,2,1
1731,15,5,9,8,2,1
1732,9,7,10,8,2,0
1733,27,6,11,5,2,0
1734,15,6,11,8,4,0
1735,18,6,9,7,3,0
1736,15,6,6,8,4,0
1737,15,6,10,8,4,1
1738,15,6,11,8,4,1
1739,27,6,7,5,2,1
1740,18,6,9,6,3,0
1741,15,6,9,8,4,1
1742,15,6,9,8,4,1
1743,15,6,9,8,4,1
1744,15,6,10,8,4,1
1745,15,6,10,8,4,0
1746,15,6,5,6,4,1
1747,15,6,9,8,4,1
1748,18,5,6,8,2,0
1749,18,5,6,6,2,0
1750,5,5,5,8,2,1
1751,18,5,9,7,3,1
1752,9,5,8,7,2,0
1753,9,5,8,5,2,1
1754,9,5,6,7,3,0
1755,18,7,5,2,2,1
1756,27,7,9,5,2,1
1757,18,5,11,6,2,0
1758,18,6,5,8,2,1
1759,19,7,11,5,2,0
1760,27,7,7,6,2,1
1761,18,6,10,6,4,1
1762,18,5,10,8,2,1
1763,19,6,7,7,3,0
1764,18,7,8,7,3,0
1765,18,6,9,7,3,0
1766,18,7,6,8,2,1
1767,18,7,9,6,3,1
1768,15,7,5,8,2,1
1769,27,7,11,8,2,1
1770,9,7,8,7,3,0
1771,18,5,7,5,2,1
1772,19,6,7,7,3,0
1773,19,2,8,6,3,0
1774,9,5,10,8,2,1
1775,18,7,7,8,2,1
1776,27,7,11,6,2,0
1777,18,7,9,7,3,1
1778,27,7,10,4,2,0
1779,27,7,8,7,3,0
1780,25,4,6,6,3,0
1781,18,7,6,8,2,1
1782,2,7,9,6,3,0
1783,19,7,5,7,3,0
1784,9,6,7,5,2,0
1785,18,6,8,6,3,1
1786,27,7,11,2,2,0
1787,18,6,10,7,4,0
1788,19,5,6,2,2,0
1789,18,5,9,8,2,1
1790,15,5,5,8,2,1
1791,15,5,10,8,2,1
1792,18,5,8,5,2,0
1793,15,5,9,8,2,1
1794,19,5,5,8,2,1
1795,9,6,8,4,3,0
1796,18,7,11,5,2,0
1797,9,7,6,8,2,1
1798,19,6,9,7,1,0
1799,19,6,8,7,3,0
1800,19,4,8,7,3,0
1801,19,4,9,7,3,0
1802,27,5,11,3,2,0
1803,5,6,9,8,4,1
1804,19,7,7,1,2,1
1805,0,7,11,8,2,0
1806,19,7,8,3,2,0
1807,9,7,8,7,3,0
1808,9,6,11,5,2,0
1809,5,7,9,4,2,0
1810,19,7,7,8,2,0
1811,18,7,10,4,2,0
1812,5,6,8,3,3,0
1813,5,5,8,8,2,0
1814,15,7,6,8,2,1
1815,15,6,7,8,4,1
1816,15,6,10,8,4,1
1817,18,6,8,7,4,0
1818,5,6,6,5,2,0
1819,15,6,5,8,4,1
1820,19,6,8,3,4,0
1821,15,6,10,8,4,1
1822,15,6,10,8,4,1
1823,15,6,5,8,4,0
1824,15,6,9,8,4,1
1825,18,7,6,6,2,1
1826,18,7,9,6,3,0
1827,15,5,6,8,2,1
1828,18,5,8,7,2,0
1829,10,5,10,8,2,1
1830,5,5,7,6,2,1
1831,15,5,10,8,2,1
1832,19,5,8,8,2,1
1833,9,5,10,8,2,1
1834,18,7,6,8,2,0
1835,27,5,11,7,2,0
1836,9,7,11,6,2,0
1837,9,7,10,6,2,1
1838,27,5,8,6,2,1
1839,19,7,6,7,3,0
1840,19,6,9,7,3,0
1841,20,7,5,4,2,1
1842,27,7,9,4,2,1
1843,19,6,10,7,4,0
1844,19,7,9,8,2,0
1845,5,4,7,7,3,0
1846,18,7,7,3,2,0
1847,10,4,7,7,3,1
1848,19,7,11,7,2,0
1849,19,7,10,8,2,0
1850,15,7,7,7,3,1
1851,18,7,10,7,3,0
1852,18,7,5,7,3,0
1853,9,7,7,7,3,0
1854,18,7,9,7,3,1
1855,5,7,11,7,2,0
1856,25,7,6,7,3,1
1857,15,7,11,7,3,1
1858,9,7,8,4,2,0
1859,15,5,6,8,2,0
1860,19,7,7,7,3,1
1861,19,7,9,6,2,0
1862,19,4,9,7,3,0
1863,15,5,7,7,3,1
1864,18,7,10,7,3,1
1865,19,5,11,7,3,0
1866,9,7,8,7,3,0
1867,19,7,6,7,3,0
1868,5,5,5,4,2,1
1869,27,6,7,6,4,1
1870,15,6,11,8,4,1
1871,15,6,10,8,4,0
1872,15,6,6,8,4,0
1873,9,6,9,7,3,1
1874,1,7,7,7,3,1
1875,18,5,9,7,3,1
1876,15,6,5,8,4,1
1877,15,6,10,8,4,1
1878,15,6,9,6,4,1
1879,18,7,8,7,3,0
1880,27,6,11,6,2,1
1881,15,6,11,8,4,1
1882,27,7,10,6,2,1
1883,15,5,11,8,2,1
1884,5,5,6,3,2,1
1885,18,5,9,8,2,1
1886,5,7,5,4,2,1
1887,19,5,5,3,2,1
1888,18,7,9,3,2,1
1889,27,5,6,6,2,0
1890,19,6,9,7,3,0
1891,27,5,5,4,2,0
1892,19,7,8,8,2,1
1893,19,7,5,7,3,0
1894,9,6,8,7,3,0
1895,15,7,9,8,2,1
1896,15,6,2,8,4,0
1897,26,6,11,8,2,1
1898,18,7,11,0,2,0
1899,18,6,11,8,4,1
1900,19,7,8,6,4,0
1901,19,7,10,8,4,1
1902,19,7,10,7,3,0
1903,18,7,8,0,2,0
1904,18,7,8,4,4,1
1905,19,5,8,7,2,0
1906,27,7,9,0,4,1
1907,19,4,8,7,3,0
1908,15,5,10,8,2,1
1909,19,7,10,3,4,0
1910,18,6,7,7,4,1
1911,15,6,9,8,4,1
1912,15,6,8,8,4,1
1913,15,6,8,8,4,1
1914,18,6,5,8,4,1
1915,1,6,11,7,3,0
1916,18,6,10,7,4,1
1917,15,6,9,8,4,1
1918,19,6,9,3,2,1
1919,27,7,11,7,4,0
1920,1,6,11,8,3,0
1921,15,6,9,8,4,1
1922,15,6,5,7,4,1
1923,15,6,6,8,4,1
1924,9,6,11,8,4,1
1925,18,7,11,7,3,1
1926,9,6,9,7,3,0
1927,19,7,10,8,4,0
1928,18,6,8,7,3,0
1929,18,7,11,7,3,1
1930,15,5,10,8,4,1
1931,27,7,9,7,3,0
1932,18,5,8,6,2,0
1933,5,7,10,7,4,1
1934,9,5,8,7,3,0
1935,18,5,5,2,4,0
1936,18,7,4,8,4,1
1937,18,7,8,6,3,1
1938,18,7,7,6,3,1
1939,18,5,11,7,2,0
1940,15,5,10,8,2,1
1941,19,7,5,8,2,0
1942,19,7,9,5,2,1
1943,9,7,5,8,2,1
1944,18,5,9,6,3,1
1945,19,6,8,7,3,0
1946,18,7,7,4,2,1
1947,19,7,7,8,2,0
1948,9,7,8,5,2,0
1949,9,7,7,6,2,1
1950,15,5,8,8,2,1
1951,18,6,8,7,3,0
1952,19,7,8,7,3,0
1953,18,7,7,8,2,1
1954,27,5,8,4,2,1
1955,15,6,8,8,4,1
1956,15,6,7,8,4,1
1957,15,6,8,8,4,1
1958,18,6,8,7,3,0
1959,15,6,7,8,4,1
1960,26,7,8,6,2,0
1961,18,7,8,6,3,0
1962,15,6,7,8,4,1
1963,19,6,8,7,4,0
1964,5,6,7,8,4,1
1965,19,6,8,4,4,0
1966,15,6,7,8,4,1
1967,9,6,8,8,4,0
1968,15,7,7,8,2,1
1969,18,7,7,8,2,1
1970,20,5,7,8,2,1
1971,15,5,7,8,2,1
1972,19,5,8,8,2,1
1973,18,7,7,7,3,1
1974,19,7,8,7,2,0
1975,9,6,6,7,1,1
1976,18,6,6,6,3,0
1977,27,6,7,7,3,0
1978,20,2,7,7,1,0
1979,18,7,7,3,2,1
1980,18,7,10,8,2,1
1981,19,7,8,8,2,1
1982,27,7,11,5,2,1
1983,18,5,10,7,3,0
1984,15,5,10,8,2,1
1985,18,5,9,8,2,1
1986,19,5,6,8,2,1
1987,5,7,6,7,2,0
1988,15,5,8,8,2,1
1989,10,4,7,7,3,0
1990,18,6,7,7,3,0
1991,19,7,7,8,2,0
1992,10,7,6,7,3,1
1993,18,5,10,6,3,0
1994,5,7,7,5,2,1
1995,15,6,11,8,4,1
1996,15,6,8,8,4,0
1997,15,6,7,8,4,1
1998,15,6,7,8,4,1
1999,15,5,7,8,2,1
2000,15,6,8,8,4,1
2001,19,6,7,6,2,1
2002,9,7,11,7,3,1
2003,15,6,9,8,4,1
2004,18,6,6,4,3,1
2005,9,6,9,7,3,0
2006,9,6,8,8,4,0
2007,15,6,2,8,4,0
2008,15,6,10,8,4,1
2009,19,6,9,7,3,1
2010,18,7,10,7,3,0
2011,18,5,11,8,2,1
2012,5,7,7,8,4,1
2013,20,7,11,1,2,0
2014,25,7,8,7,3,0
2015,9,5,8,7,3,0
2016,27,5,9,8,2,1
2017,15,5,11,8,2,1
2018,19,6,8,7,3,0
2019,18,5,11,7,3,0
2020,19,7,10,4,2,0
2021,15,5,9,8,2,1
2022,15,5,6,8,2,1
2023,9,7,6,5,2,1
2024,15,5,10,7,3,1
2025,18,7,8,3,2,1
2026,15,5,8,8,2,0
2027,18,7,11,8,2,0
2028,19,7,9,7,3,0
2029,15,5,11,8,2,1
2030,18,5,7,4,2,1
2031,15,5,7,8,2,1
2032,5,5,8,5,2,0
2033,19,5,9,8,2,0
2034,15,5,6,8,2,1
2035,1,7,10,7,3,1
2036,5,7,9,4,3,0
2037,9,6,11,6,2,0
2038,27,5,6,6,2,1
2039,18,6,8,7,3,1
2040,9,7,9,8,2,1
2041,2,7,10,4,2,1
2042,19,7,10,4,2,0
2043,18,7,2,5,2,0
2044,9,6,9,7,3,1
2045,25,6,6,8,4,1
2046,5,5,6,3,3,0
2047,19,4,7,7,3,0
2048,18,6,11,7,4,1
2049,19,6,4,7,3,1
2050,27,7,11,7,3,0
2051,15,6,10,8,4,0
2052,18,6,6,7,3,1
2053,15,6,10,8,4,1
2054,15,6,9,8,4,1
2055,19,7,8,7,3,0
2056,27,7,9,5,4,1
2057,27,5,7,8,4,0
2058,9,7,5,7,3,0
2059,18,7,10,6,3,0
2060,15,5,7,8,4,1
2061,18,7,6,1,4,1
2062,15,5,11,6,4,1
2063,15,5,6,8,4,1
2064,19,5,5,4,4,0
2065,18,7,7,2,4,1
2066,18,7,8,3,3,0
2067,10,7,8,7,3,0
2068,27,6,7,7,4,1
2069,9,5,9,7,4,1
2070,18,7,8,6,3,1
2071,27,7,11,6,2,1
2072,19,5,8,7,3,0
2073,18,6,5,8,2,0
2074,18,5,7,2,2,1
2075,5,7,10,7,3,1
2076,18,7,11,6,3,0
2077,18,6,5,6,3,0
2078,2,7,7,6,3,1
2079,15,5,8,6,4,1
2080,19,6,11,3,2,1
2081,9,6,7,7,3,1
2082,1,7,10,8,4,1
2083,9,7,9,7,3,0
2084,10,2,7,8,0,0
2085,18,5,6,7,3,1
2086,9,4,7,7,3,0
2087,15,6,9,8,4,1
2088,5,7,6,6,4,1
2089,9,6,11,7,4,0
2090,10,6,11,7,4,0
2091,15,6,4,8,4,1
2092,19,6,8,4,3,1
2093,5,7,6,7,3,1
2094,15,6,11,8,4,1
2095,15,6,6,8,4,1
2096,19,7,6,7,3,0
2097,10,6,9,7,3,1
2098,20,7,10,8,4,0
2099,19,4,8,7,3,0
2100,18,6,8,7,3,0
2101,9,7,7,7,3,0
2102,18,5,9,4,4,0
2103,18,6,8,6,4,0
2104,18,7,4,4,3,1
2105,27,7,9,2,4,1
2106,5,5,8,7,3,0
2107,15,5,11,8,4,1
2108,18,5,6,7,3,0
2109,19,7,9,5,2,1
2110,9,5,9,6,2,0
2111,18,7,5,1,4,1
2112,27,7,8,7,3,1
2113,15,7,9,7,4,1
2114,1,7,6,7,3,1
2115,9,7,6,7,3,0
2116,18,6,9,4,2,0
2117,18,7,9,3,2,1
2118,18,7,5,7,2,0
2119,27,7,9,7,2,1
2120,20,5,8,6,3,1
2121,19,6,7,8,2,0
2122,15,7,2,7,3,1
2123,5,6,6,7,3,0
2124,27,5,9,5,3,1
2125,27,5,9,5,2,1
2126,18,7,9,8,2,1
2127,18,5,9,2,2,0
2128,27,5,6,5,3,1
2129,19,5,6,2,2,1
2130,19,7,6,3,2,0
2131,19,7,6,4,2,1
2132,27,7,5,7,3,0
2133,20,7,11,0,2,0
2134,15,5,9,8,2,1
2135,18,5,6,7,3,0
2136,18,7,6,7,2,0
2137,5,7,6,7,3,1
2138,18,7,6,6,2,1
2139,19,7,6,7,3,0
2140,9,7,6,0,2,0
2141,19,7,6,8,2,1
2142,27,7,6,5,2,1
2143,19,7,6,3,2,1
2144,18,5,6,7,3,0
2145,5,5,6,5,3,1
2146,18,5,6,7,3,1
2147,19,5,6,4,2,0
2148,27,5,6,7,3,1
2149,18,7,5,6,2,1
2150,18,7,6,7,3,0
2151,15,7,9,8,3,1
2152,18,7,11,8,2,0
2153,19,7,5,8,2,1
2154,18,7,9,8,2,0
2155,10,7,10,8,2,1
2156,9,7,11,7,3,0
2157,5,7,8,7,3,0
2158,9,7,2,8,2,0
2159,19,7,10,2,2,1
2160,18,6,5,7,3,0
2161,9,7,8,4,2,0
2162,9,6,8,7,3,0
2163,18,7,8,7,3,0
2164,19,4,8,7,3,0
2165,15,6,11,7,4,0
2166,9,6,11,7,3,0
2167,18,6,6,7,3,0
2168,15,6,8,8,4,1
2169,15,6,9,8,4,1
2170,15,6,5,8,4,1
2171,15,6,6,8,4,1
2172,18,6,4,6,4,1
2173,5,7,6,3,2,0
2174,25,7,9,8,2,1
2175,18,5,5,8,2,1
2176,15,5,11,8,2,1
2177,19,5,9,3,2,0
2178,10,5,5,5,2,1
2179,2,7,11,6,3,1
2180,9,7,6,8,2,0
2181,18,7,11,7,3,0
2182,18,6,6,7,3,0
2183,18,5,8,7,3,1
2184,5,7,9,7,3,1
2185,5,7,10,7,3,1
2186,18,7,10,7,3,1
2187,19,4,8,7,3,0
2188,27,7,11,7,3,1
2189,18,5,5,3,2,0
2190,18,7,10,6,3,1
2191,19,2,7,6,4,1
2192,19,6,8,7,3,0
2193,18,7,8,3,2,0
2194,27,7,10,3,2,1
2195,5,5,6,8,2,1
2196,18,7,5,3,2,1
2197,19,7,11,7,3,0
2198,18,7,10,8,2,1
2199,15,7,9,6,2,1
2200,18,7,7,7,3,1
2201,9,6,8,6,4,0
2202,9,6,10,6,4,0
2203,9,6,9,7,3,1
2204,1,7,7,8,2,0
2205,15,6,6,8,4,1
2206,18,6,8,7,3,0
2207,18,7,9,8,2,1
2208,18,5,5,7,3,0
2209,18,5,6,7,3,0
2210,19,7,8,8,2,1
2211,18,7,7,7,3,0
2212,18,7,8,7,3,1
2213,18,7,10,8,2,1
2214,19,4,7,7,3,0
2215,15,7,11,8,2,1
2216,9,7,10,8,2,1
2217,1,6,11,7,3,0
2218,0,7,9,8,2,1
2219,5,6,10,8,2,1
2220,19,6,5,7,3,0
2221,15,7,11,8,2,1
2222,18,6,8,7,3,0
2223,18,6,7,7,3,1
2224,18,5,11,3,2,0
2225,20,6,9,4,4,1
2226,18,7,10,8,2,1
2227,27,5,10,4,2,1
2228,18,7,9,6,3,0
2229,18,7,9,8,2,1
2230,18,7,10,4,2,0
2231,15,5,11,8,2,1
2232,19,7,9,8,2,1
2233,9,6,11,6,4,1
2234,15,7,10,8,2,1
2235,9,7,11,6,2,1
2236,18,7,9,4,2,0
2237,18,7,7,7,3,0
2238,18,7,9,8,2,1
2239,18,7,11,3,2,0
2240,9,5,10,8,2,1
2241,9,6,11,4,4,1
2242,15,6,11,8,4,1
2243,5,6,7,7,3,1
2244,15,6,10,8,4,1
2245,18,6,6,7,3,0
2246,15,6,9,8,4,1
2247,9,7,11,8,2,0
2248,9,6,8,6,3,0
2249,15,6,7,8,4,1
2250,9,6,11,6,4,0
2251,19,4,8,7,3,0
2252,15,6,10,8,4,0
2253,19,7,9,8,2,0
2254,18,5,7,7,3,0
2255,9,7,11,7,2,0
2256,19,4,9,6,3,0
2257,15,7,4,7,3,1
2258,18,7,9,4,2,1
2259,9,5,10,8,2,1
2260,5,5,11,8,2,1
2261,19,5,10,3,3,0
2262,5,5,9,8,2,1
2263,18,7,11,2,2,0
2264,27,7,10,8,2,0
2265,9,6,7,7,3,1
2266,27,7,11,8,2,1
2267,19,7,10,3,2,1
2268,26,5,9,8,2,1
2269,26,7,9,8,2,1
2270,9,6,2,6,3,0
2271,9,7,11,3,2,1
2272,19,7,10,8,2,1
2273,9,7,9,4,2,0
2274,27,6,9,6,4,1
2275,9,6,4,7,1,0
2276,27,5,10,6,2,1
2277,5,6,8,7,3,0
2278,19,7,9,3,2,1
2279,19,7,11,0,2,1
2280,27,7,9,8,2,1
2281,19,6,4,7,3,0
2282,5,7,10,8,2,1
2283,19,7,11,6,2,0
2284,9,6,10,4,2,1
2285,15,6,9,8,4,1
2286,9,6,10,7,4,0
2287,19,6,9,8,2,0
2288,19,7,11,1,2,1
2289,18,7,8,7,3,0
2290,27,7,9,5,2,0
2291,15,6,9,8,4,1
2292,9,7,10,8,2,1
2293,9,7,6,7,3,1
2294,27,7,9,0,2,0
2295,9,4,8,7,3,0
2296,18,5,9,8,2,1
2297,25,5,10,8,2,1
2298,18,5,6,7,3,0
2299,18,5,9,6,2,0
2300,9,5,10,8,2,1
2301,19,5,11,4,3,0
2302,27,5,9,6,2,1
2303,5,7,11,7,2,0
2304,27,5,10,8,2,1
2305,9,7,8,6,3,0
2306,15,5,9,8,2,1
2307,27,5,11,6,2,0
2308,27,7,11,8,2,1
2309,9,7,8,7,3,0
2310,9,7,9,4,2,1
2311,19,7,10,3,2,0
2312,18,7,11,8,2,0
2313,5,6,6,7,3,1
2314,9,7,6,7,3,1
2315,20,6,7,7,3,1
2316,9,5,9,8,2,1
2317,9,5,7,7,3,0
2318,19,6,11,6,2,0
2319,18,7,10,8,2,1
2320,19,7,11,2,2,1
2321,9,6,7,7,3,0
2322,27,7,10,8,2,1
2323,5,7,9,3,2,0
2324,18,5,11,8,2,0
2325,9,7,8,7,3,0
2326,9,5,9,8,2,1
2327,18,7,9,0,2,1
2328,18,6,10,4,2,1
2329,19,7,6,7,3,0
2330,19,6,6,7,3,0
2331,19,6,11,6,2,1
2332,9,6,5,5,3,1
2333,19,6,5,7,3,0
2334,5,6,7,7,3,1
2335,19,6,6,7,3,0
2336,19,6,11,6,2,1
2337,15,6,9,8,4,1
2338,15,6,10,8,4,1
2339,27,6,9,8,2,1
2340,15,6,10,8,4,0
2341,18,7,9,6,3,0
2342,18,7,6,7,3,0
2343,19,7,7,7,3,0
2344,18,6,7,7,3,0
2345,19,5,11,8,4,1
2346,18,7,9,2,2,1
2347,18,7,10,4,4,1
2348,19,6,5,8,4,0
2349,15,6,7,8,4,1
2350,18,6,8,7,4,1
2351,15,6,9,8,4,1
2352,18,7,10,4,2,1
2353,2,6,9,2,2,1
2354,18,5,9,1,2,0
2355,10,5,9,8,2,0
2356,19,5,11,5,2,1
2357,18,5,11,5,4,1
2358,19,5,10,8,2,1
2359,9,6,8,7,3,0
2360,18,6,8,7,3,0
2361,9,6,8,7,3,0
2362,9,7,9,8,2,1
2363,27,5,10,5,2,0
2364,27,7,11,8,2,0
2365,15,5,11,8,4,1
2366,18,5,9,8,2,1
2367,18,6,5,7,3,0
2368,15,5,9,8,2,1
2369,0,3,10,8,2,1
2370,27,7,11,5,2,0
2371,19,5,11,7,4,1
2372,5,7,10,5,2,0
2373,25,6,10,7,3,0
2374,9,6,8,7,4,0
2375,18,7,10,3,4,0
2376,19,7,9,8,2,1
2377,9,6,8,4,3,0
2378,27,7,10,6,2,0
2379,1,7,9,8,2,1
2380,10,7,11,7,3,0
2381,19,6,7,7,3,0
2382,9,6,9,7,2,1
2383,27,7,6,7,3,0
2384,5,7,9,5,2,1
2385,27,7,11,8,2,1
2386,18,5,5,7,3,1
2387,27,7,11,8,2,0
2388,15,5,11,8,2,1
2389,18,7,9,4,2,1
2390,18,6,11,6,4,0
2391,15,6,11,8,4,1
2392,15,6,11,8,4,1
2393,1,6,11,6,4,1
2394,1,6,7,7,4,1
2395,15,6,9,8,4,1
2396,18,6,9,3,2,1
2397,20,5,10,4,2,1
2398,9,6,7,7,4,0
2399,15,6,8,8,4,0
2400,15,6,6,8,4,1
2401,18,6,9,4,3,1
2402,15,6,5,8,4,1
2403,15,6,6,5,4,1
2404,15,6,9,8,4,1
2405,15,6,10,8,4,0
2406,15,6,11,8,4,1
2407,15,7,11,8,2,1
2408,9,6,7,7,1,1
2409,9,6,10,4,4,1
2410,1,6,5,7,3,1
2411,15,5,10,8,2,1
2412,18,5,10,4,2,0
2413,27,5,9,8,2,1
2414,18,5,11,7,3,1
2415,18,5,11,8,2,0
2416,18,5,9,8,2,1
2417,18,7,9,8,2,1
2418,5,5,9,8,2,0
2419,15,7,10,4,2,1
2420,5,7,10,6,2,1
2421,18,5,10,7,2,0
2422,9,7,11,6,2,1
2423,9,6,8,4,2,0
2424,27,5,10,8,2,1
2425,15,7,9,8,2,0
2426,15,5,10,8,2,1
2427,15,5,11,8,2,1
2428,9,5,10,5,2,0
2429,15,5,9,8,2,1
2430,27,7,10,6,2,0
2431,9,6,5,5,1,0
2432,9,7,10,6,2,0
2433,15,7,8,7,3,1
2434,18,5,9,4,3,1
2435,15,5,11,8,2,1
2436,15,5,9,8,2,1
2437,15,5,10,8,2,1
2438,15,5,9,8,2,1
2439,20,5,11,8,2,0
2440,15,5,10,8,2,1
2441,18,5,11,8,2,1
2442,15,5,9,8,4,1
2443,15,5,11,8,2,1
2444,15,5,9,8,2,1
2445,15,5,10,8,2,1
2446,18,5,9,8,2,0
2447,15,5,10,8,2,1
2448,27,5,9,8,2,1
2449,25,3,7,7,4,1
2450,5,3,4,7,3,1
2451,5,3,7,7,4,1
2452,18,3,8,7,4,1
2453,18,3,6,7,4,0
2454,5,3,4,7,4,1
2455,5,3,7,7,4,1
2456,15,3,11,8,4,1
2457,18,6,6,7,3,1
2458,9,5,9,8,2,1
2459,15,5,9,8,2,1
2460,27,7,5,7,3,0
2461,19,6,10,7,3,0
2462,19,7,11,3,2,1
2463,18,6,7,7,3,0
2464,1,6,6,7,3,0
2465,12,4,9,7,1,1
2466,15,7,9,8,2,1
2467,5,7,11,7,3,1
2468,15,6,11,8,4,1
2469,27,5,11,2,2,0
2470,18,7,10,4,2,1
2471,18,7,11,3,2,0
2472,9,6,6,7,3,0
2473,18,7,11,6,3,0
2474,27,6,11,7,3,0
2475,15,6,2,8,4,1
2476,27,6,4,7,4,1
2477,10,6,11,3,4,0
2478,15,6,10,8,4,1
2479,9,6,8,7,4,0
2480,15,6,11,8,4,1
2481,12,2,7,7,1,0
2482,19,5,10,5,2,0
2483,15,5,11,8,2,1
2484,19,6,10,3,2,0
2485,18,5,11,7,2,0
2486,15,5,10,8,2,1
2487,18,5,1,8,4,0
2488,18,5,1,8,4,0
2489,18,5,1,8,4,0
2490,27,2,7,7,1,0
2491,18,6,9,4,4,0
2492,15,5,10,8,4,1
2493,15,5,9,8,2,1
2494,15,5,11,8,2,1
2495,18,6,6,7,3,0
2496,18,7,10,8,3,1
2497,26,7,11,8,2,0
2498,25,5,9,8,2,1
2499,18,6,5,7,3,0
2500,19,4,8,7,3,0
2501,1,6,7,7,4,1
2502,19,7,5,7,3,0
2503,27,4,11,7,3,0
2504,18,7,10,6,3,1
2505,9,6,8,3,3,0
2506,19,6,10,5,4,1
2507,9,6,9,7,2,1
2508,15,6,11,8,4,1
2509,15,6,10,8,4,1
2510,5,6,9,3,1,0
2511,19,6,11,6,4,0
2512,25,7,9,8,2,1
2513,9,7,6,7,3,0
2514,19,7,8,7,3,0
2515,19,6,10,6,3,0
2516,15,5,11,8,2,1
2517,15,5,10,8,2,1
2518,18,6,9,8,2,1
2519,18,5,11,8,2,0
2520,18,7,10,5,2,1
2521,15,7,11,6,2,1
2522,5,7,10,3,4,1
2523,25,7,9,8,4,1
2524,18,7,11,7,4,0
2525,19,7,9,8,2,1
2526,27,7,6,7,2,1
2527,9,6,9,4,2,0
2528,18,4,8,7,3,0
2529,9,7,10,7,3,0
2530,9,6,8,7,3,0
2531,18,7,11,4,2,0
2532,27,7,10,6,2,1
2533,5,7,8,7,3,1
2534,10,6,7,7,4,0
2535,18,7,8,7,2,0
2536,19,5,10,3,2,1
2537,15,6,10,8,4,1
2538,14,6,11,8,4,1
2539,15,6,9,8,4,1
2540,15,6,11,8,4,1
2541,15,6,10,8,4,0
2542,15,6,9,8,4,1
2543,10,7,10,5,4,1
2544,18,6,11,6,4,0
2545,27,6,9,8,2,1
2546,15,6,8,8,4,1
2547,15,6,2,8,4,0
2548,9,7,11,3,4,1
2549,15,6,7,8,4,1
2550,19,6,10,8,4,1
2551,18,6,4,7,4,0
2552,15,5,9,8,2,1
2553,15,5,11,8,2,1
2554,15,5,11,8,2,1
2555,19,5,9,3,2,1
2556,18,6,0,8,4,0
2557,15,5,10,8,2,1
2558,9,6,7,7,3,0
2559,18,5,6,7,3,0
2560,18,7,10,8,2,1
2561,2,5,9,8,2,0
2562,27,7,11,6,4,0
2563,20,7,9,4,2,0
2564,5,7,11,4,2,1
2565,18,7,9,7,2,0
2566,18,6,5,7,3,1
2567,18,7,10,8,2,0
2568,18,5,6,7,3,1
2569,18,7,10,5,2,0
2570,9,6,9,6,2,1
2571,21,7,10,8,2,0
2572,18,5,11,3,2,0
2573,19,4,7,7,2,0
2574,9,6,11,4,3,0
2575,19,5,10,5,2,0
2576,9,5,11,8,2,0
2577,18,5,11,8,2,0
2578,10,6,7,7,3,0
2579,18,7,9,3,2,1
2580,18,7,10,4,2,0
2581,18,5,11,7,3,0
2582,9,6,11,5,4,0
2583,10,2,4,7,1,0
2584,9,6,8,7,3,0
2585,10,2,4,7,3,0
2586,25,2,8,7,3,0
2587,18,6,10,8,4,1
2588,15,6,8,8,4,1
2589,18,6,11,6,4,0
2590,27,5,8,7,3,0
2591,19,5,7,7,4,1
2592,15,7,8,7,3,1
2593,9,5,9,6,4,1
2594,18,5,6,7,3,0
2595,0,6,11,8,4,1
2596,15,7,11,8,2,1
2597,9,6,5,7,3,0
2598,18,5,9,3,2,1
2599,18,5,2,6,3,0
2600,19,7,4,7,4,0
2601,9,5,9,5,2,1
2602,19,5,10,8,4,0
2603,18,7,7,7,4,0
2604,19,7,6,7,4,1
2605,20,6,9,8,4,1
2606,2,6,11,8,4,1
2607,18,6,6,7,3,1
2608,18,6,11,6,4,1
2609,19,6,10,3,4,0
2610,9,7,6,6,3,1
2611,15,6,9,8,4,1
2612,18,6,4,7,4,1
2613,18,6,10,8,4,1
2614,19,6,9,8,4,1
2615,2,6,9,8,2,0
2616,5,2,11,4,2,0
2617,15,6,10,8,4,1
2618,15,6,8,8,4,1
2619,15,6,7,8,4,0
2620,15,6,10,8,4,0
2621,18,6,9,6,3,1
2622,19,7,10,3,4,1
2623,10,5,10,6,4,0
2624,18,7,9,6,4,1
2625,19,5,9,8,2,0
2626,10,5,11,3,4,0
2627,0,5,10,8,4,1
2628,15,5,10,8,4,1
2629,9,7,11,8,4,1
2630,25,5,11,8,4,1
2631,9,5,10,3,4,1
2632,19,5,9,8,4,1
2633,10,5,11,8,4,1
2634,9,4,10,2,4,0
2635,27,7,4,7,4,1
2636,1,6,11,8,4,1
2637,9,6,10,8,4,1
2638,12,6,9,6,4,1
2639,18,6,11,8,2,0
2640,19,6,8,7,3,0
2641,19,4,8,7,3,0
2642,18,6,8,7,4,0
2643,19,4,5,8,2,1
2644,9,5,8,7,3,0
2645,10,7,9,0,1,0
2646,5,6,11,7,3,0
2647,27,7,11,2,4,1
2648,27,6,7,7,4,1
2649,18,7,5,7,4,0
2650,9,7,10,1,4,0
2651,18,7,10,4,4,1
2652,15,5,10,4,4,1
2653,5,7,11,5,4,1
2654,10,7,10,7,4,0
2655,10,6,8,7,4,0
2656,20,2,4,7,3,0
2657,15,6,10,8,4,0
2658,18,6,11,7,4,0
2659,15,6,11,8,4,1
2660,27,6,5,7,3,0
2661,18,6,11,4,4,1
2662,9,7,4,7,4,0
2663,5,6,10,8,4,1
2664,18,6,9,8,4,1
2665,18,7,11,8,4,0
2666,0,7,10,6,4,1
2667,19,6,8,7,4,0
2668,19,6,7,7,3,0
2669,15,6,7,8,4,1
2670,15,6,5,8,4,1
2671,15,6,8,8,4,1
2672,18,5,10,3,2,1
2673,9,6,7,7,3,0
2674,18,6,11,6,4,1
2675,15,6,4,8,4,1
2676,9,4,7,7,3,0
2677,27,4,8,7,3,0
2678,1,7,10,6,4,1
2679,19,5,10,5,4,1
2680,9,6,7,7,2,0
2681,18,7,9,4,2,0
2682,19,5,9,8,4,1
2683,5,7,10,8,4,1
2684,18,7,11,6,4,0
2685,27,7,11,7,4,0
2686,9,6,9,3,2,1
2687,15,7,9,8,4,1
2688,5,5,11,6,4,1
2689,18,6,2,4,3,0
2690,18,7,9,8,4,1
2691,19,7,9,3,2,0
2692,19,5,10,4,4,0
2693,19,6,5,7,3,0
2694,9,7,4,7,4,1
2695,27,7,5,4,4,1
2696,0,7,5,7,4,0
2697,5,6,4,7,4,1
2698,5,7,11,6,4,1
2699,18,6,10,5,4,1
2700,19,6,10,3,3,1
2701,15,6,11,8,4,0
2702,9,6,10,8,4,0
2703,9,6,11,8,4,1
2704,5,5,9,8,4,1
2705,18,7,11,7,4,1
2706,15,6,11,8,4,1
2707,15,6,10,8,4,0
2708,9,6,9,3,2,1
2709,5,7,11,7,4,1
2710,18,6,4,6,3,1
2711,18,7,5,7,4,1
2712,15,6,9,3,4,1
2713,15,3,9,8,4,1
2714,1,5,9,6,2,1
2715,9,7,10,3,4,0
2716,10,5,11,6,4,0
2717,18,5,10,5,4,0
2718,18,5,9,3,4,1
2719,0,5,9,8,4,1
2720,19,7,9,8,2,0
2721,19,5,10,5,4,0
2722,9,6,9,4,4,1
2723,9,6,9,6,2,1
2724,15,7,9,2,4,1
2725,18,7,10,6,4,1
2726,18,5,10,8,4,1
2727,18,3,9,8,4,1
2728,9,5,7,7,4,0
2729,18,3,10,8,4,1
2730,18,7,5,7,4,0
2731,18,6,9,8,2,1
2732,15,6,4,8,4,1
2733,15,6,9,8,4,1
2734,15,6,9,8,4,1
2735,15,6,9,8,4,1
2736,5,6,10,3,4,1
2737,15,6,9,8,4,1
2738,9,6,6,6,1,1
2739,18,6,10,6,4,0
2740,18,7,10,3,4,1
2741,19,7,9,3,2,0
2742,18,5,9,6,4,0
2743,19,6,10,6,3,0
2744,18,7,6,7,4,0
2745,15,5,9,8,4,1
2746,18,5,4,7,4,1
2747,15,3,10,8,4,1
2748,12,2,4,7,1,0
2749,15,5,10,6,4,1
2750,2,5,9,7,2,0
2751,18,7,11,7,3,0
2752,18,7,11,7,4,0
2753,19,6,7,7,3,0
2754,19,7,7,7,4,0
2755,20,6,10,6,4,1
2756,18,6,5,7,3,0
2757,18,7,6,7,4,1
2758,27,6,8,6,4,0
2759,18,7,10,5,4,1
2760,27,6,10,5,4,0
2761,15,6,10,5,4,1
2762,19,7,6,7,4,1
2763,27,7,11,2,4,0
2764,18,7,10,7,4,1
2765,27,7,5,7,4,0
2766,27,6,8,7,3,0
2767,15,6,10,5,4,1
2768,19,7,11,6,4,1
2769,18,6,7,7,3,0
2770,10,7,11,5,4,0
2771,5,7,10,4,4,1
2772,15,5,10,8,4,1
2773,15,6,10,3,4,0
2774,15,6,11,8,4,1
2775,15,6,10,8,4,1
2776,15,6,10,8,4,0
2777,18,6,8,7,3,0
2778,19,7,11,5,4,1
2779,18,7,10,2,4,1
2780,15,6,10,8,4,1
2781,9,6,11,8,4,0
2782,19,7,7,1,4,1
2783,18,6,5,7,4,0
2784,15,6,10,8,4,1
2785,15,6,11,8,4,1
2786,15,5,10,6,4,1
2787,18,7,11,8,4,0
2788,19,5,10,8,4,1
2789,9,6,8,7,3,0
2790,18,6,5,7,3,0
2791,18,6,10,8,4,0
2792,19,7,11,4,2,1
2793,18,7,7,6,4,0
2794,9,7,11,5,4,0
2795,18,5,10,8,4,1
2796,15,3,10,8,4,1
2797,25,5,11,8,4,1
2798,18,5,11,8,4,0
2799,27,5,11,8,2,1
2800,19,7,10,8,4,1
2801,20,5,10,6,4,0
2802,15,5,11,8,4,1
2803,15,5,10,4,4,1
2804,9,4,7,7,3,0
2805,1,5,10,8,4,1
2806,19,5,7,7,4,0
2807,10,6,10,8,4,1
2808,18,7,10,6,4,1
2809,19,6,10,6,4,1
2810,18,7,11,3,4,0
2811,5,7,11,8,4,1
2812,18,5,11,8,4,1
2813,27,7,4,7,3,1
2814,10,7,8,7,3,1
2815,5,7,11,8,4,1
2816,19,7,10,6,4,0
2817,18,6,11,5,2,0
2818,18,7,11,8,4,1
2819,15,7,10,6,4,1
2820,9,6,10,8,4,1
2821,18,6,10,7,4,0
2822,15,6,11,8,4,1
2823,19,7,10,4,4,1
2824,9,6,6,7,3,0
2825,27,6,10,6,4,0
2826,18,7,11,0,4,1
2827,19,7,4,7,4,0
2828,27,7,8,7,4,1
2829,18,6,10,4,4,0
2830,18,6,10,6,4,0
2831,15,6,10,8,4,1
2832,15,6,11,8,4,1
2833,15,6,11,8,4,1
2834,19,7,10,1,4,1
2835,14,6,11,8,4,1
2836,15,6,10,8,4,1
2837,18,5,11,8,4,1
2838,9,6,10,1,2,0
2839,18,6,10,4,4,0
2840,18,5,11,8,4,0
2841,19,5,11,8,4,1
2842,9,5,11,8,4,1
2843,19,5,11,7,4,0
2844,19,7,6,7,1,1
2845,18,5,10,8,4,1
2846,19,6,11,7,3,1
2847,0,7,11,8,4,1
2848,18,7,11,8,2,0
2849,9,7,8,7,4,1
2850,19,5,10,1,4,0
2851,5,5,11,8,4,1
2852,19,7,11,4,2,0
2853,15,7,10,1,4,1
2854,19,7,11,7,4,0
2855,15,3,10,8,4,1
2856,18,7,10,5,4,0
2857,19,5,10,5,4,0
2858,18,7,11,8,4,1
2859,15,6,9,8,4,1
2860,15,6,10,8,4,1
2861,9,6,8,7,3,0
2862,18,6,11,7,4,1
2863,15,6,11,8,4,1
2864,15,6,10,8,4,0
2865,15,6,11,8,4,1
2866,15,6,11,8,4,1
2867,27,6,10,6,4,0
2868,15,6,10,8,4,0
2869,15,6,10,8,4,1
2870,15,6,11,8,4,1
2871,15,6,11,8,4,1
2872,15,6,10,8,4,1
2873,18,5,11,8,4,1
2874,15,6,11,8,4,1
2875,15,6,10,8,4,0
2876,27,7,10,5,4,1
2877,19,6,11,4,2,0
2878,15,6,10,8,4,1
2879,9,6,10,6,4,0
2880,15,6,10,8,4,0
2881,15,6,11,8,4,1
2882,15,6,11,8,4,1
2883,15,6,11,8,4,1
2884,15,6,10,8,4,1
2885,14,6,11,8,4,1
2886,27,7,11,6,4,0
2887,19,7,2,6,4,0
2888,19,6,10,6,4,0
2889,15,6,11,8,4,1
2890,15,6,11,8,4,0
2891,19,6,6,7,4,0
2892,5,6,11,8,2,1
2893,9,6,10,7,4,1
2894,15,6,10,8,4,1
2895,15,6,10,8,4,1
2896,15,6,10,8,4,1
2897,15,6,10,8,4,1
2898,15,6,11,8,4,1
2899,15,6,11,8,4,1
2900,19,5,10,4,4,1
2901,19,6,10,6,4,1
2902,27,7,5,7,3,0
2903,19,7,10,1,4,0
2904,27,5,10,6,4,1
2905,18,5,11,8,4,1
2906,18,5,11,6,4,0
2907,18,7,8,7,3,1
2908,9,5,10,4,4,1
2909,15,5,10,8,4,1
2910,15,7,6,7,4,1
2911,20,7,11,4,4,0
2912,19,5,4,7,3,1
2913,18,5,7,7,3,0
2914,9,6,7,3,3,0
2915,18,7,10,8,2,0
2916,19,4,5,6,1,0
2917,10,5,6,7,3,1
2918,9,6,10,7,3,0
2919,25,7,10,1,2,0
2920,25,5,10,8,2,1
2921,20,7,11,4,2,1
2922,5,5,9,8,2,1
2923,18,5,11,6,2,1
2924,19,6,9,4,2,1
2925,19,6,9,4,2,1
2926,18,5,9,4,2,1
2927,0,5,9,8,2,1
2928,9,7,11,3,2,0
2929,19,7,10,3,2,0
2930,19,7,11,6,2,0
2931,18,7,9,6,3,1
2932,9,7,9,5,2,0
2933,18,7,9,8,2,1
2934,9,7,9,5,2,0
2935,19,6,9,6,2,0
2936,9,6,9,6,2,0
2937,15,5,9,4,2,1
2938,19,5,9,2,2,1
2939,27,5,6,7,3,1
2940,5,5,6,7,3,1
2941,19,5,9,4,2,0
2942,18,5,9,8,2,0
2943,18,5,9,8,2,1
2944,5,1,9,8,2,0
2945,19,5,10,4,3,0
2946,19,7,11,7,3,1
2947,27,5,9,3,2,0
2948,18,5,9,5,2,0
2949,15,5,9,3,2,1
2950,9,5,9,4,2,1
2951,27,7,9,5,2,0
2952,18,7,6,7,3,0
2953,9,1,6,7,3,0
2954,5,7,6,7,3,1
2955,19,5,9,5,2,1
2956,5,5,9,6,3,1
2957,1,5,9,3,3,1
2958,9,6,6,7,3,1
2959,19,7,9,8,2,1
2960,18,5,6,7,3,1
2961,18,5,9,6,3,1
2962,9,5,9,8,2,1
2963,27,7,9,3,2,1
2964,27,5,9,3,2,1
2965,5,5,6,7,2,1
2966,19,7,6,7,3,0
2967,18,7,5,7,4,0
2968,19,7,10,1,4,1
2969,9,6,7,7,3,1
2970,19,6,6,7,3,0
2971,9,7,9,3,2,1
2972,5,7,11,5,4,0
2973,19,7,9,8,2,0
2974,18,7,11,6,4,0
2975,20,7,10,2,4,0
2976,18,7,11,4,4,0
2977,15,6,9,8,4,1
2978,15,6,10,8,4,1
2979,15,6,10,8,4,0
2980,15,6,11,8,4,1
2981,15,6,9,8,4,1
2982,9,6,11,6,4,1
2983,15,6,9,8,4,1
2984,15,6,10,8,4,0
2985,9,6,9,8,3,1
2986,15,6,9,8,4,1
2987,15,6,10,8,4,1
2988,18,6,10,4,4,0
2989,18,6,9,8,4,0
2990,15,6,11,8,4,1
2991,15,6,10,8,4,1
2992,5,6,9,5,2,1
2993,5,7,9,8,4,1
2994,15,3,10,8,2,1
2995,27,5,9,6,2,1
2996,15,5,11,8,4,1
2997,18,5,10,2,4,1
2998,18,7,11,6,4,0
2999,5,5,9,8,4,1
3000,20,4,4,7,1,0
3001,19,6,9,8,2,0
3002,19,6,9,7,2,0
3003,27,7,4,7,3,0
3004,9,5,10,8,4,1
3005,25,7,6,7,4,0
3006,18,7,9,6,4,1
3007,18,7,11,2,2,0
3008,9,7,9,5,3,0
3009,9,5,9,5,2,1
3010,19,6,7,7,3,1
3011,9,6,8,7,3,0
3012,19,7,9,4,2,1
3013,9,7,11,7,3,0
3014,18,7,10,6,4,1
3015,9,7,11,6,4,1
3016,18,7,11,0,4,1
3017,15,6,10,8,4,1
3018,15,6,9,8,4,1
3019,15,6,9,8,4,1
3020,5,6,10,7,4,0
3021,5,6,7,7,4,1
3022,15,6,9,8,4,1
3023,18,6,9,8,4,1
3024,15,6,9,8,4,1
3025,18,6,10,8,4,1
3026,10,6,11,7,4,0
3027,15,6,9,8,4,1
3028,18,6,11,6,4,1
3029,9,6,10,7,4,0
3030,15,6,8,8,4,1
3031,15,6,11,8,4,1
3032,19,6,10,6,2,0
3033,19,6,10,6,4,1
3034,19,6,7,7,4,1
3035,15,6,11,8,4,1
3036,18,7,11,4,4,0
3037,25,4,10,7,3,0
3038,18,7,6,7,4,0
3039,5,7,10,5,4,1
3040,18,7,11,3,4,0
3041,18,7,5,7,4,0
3042,18,7,9,8,4,0
3043,18,7,6,7,3,1
3044,9,6,9,4,2,1
3045,18,6,5,8,2,0
3046,19,4,5,7,3,0
3047,5,5,7,7,4,1
3048,25,5,11,7,4,0
3049,5,5,10,8,4,1
3050,9,5,9,6,2,1
3051,18,6,0,8,4,0
3052,27,5,9,5,2,1
3053,18,5,1,8,4,0
3054,26,5,10,5,4,1
3055,27,5,9,6,4,1
3056,19,5,10,8,4,1
3057,5,5,11,8,4,1
3058,19,5,11,4,4,1
3059,18,5,10,6,4,0
3060,18,5,11,8,4,1
3061,18,5,1,8,4,0
3062,27,5,8,7,4,0
3063,27,7,11,8,4,1
3064,19,7,9,3,2,0
3065,18,5,10,6,4,0
3066,9,4,4,6,2,0
3067,18,7,11,4,4,1
3068,9,7,9,8,2,1
3069,19,7,11,2,4,1
3070,18,7,9,5,4,1
3071,5,7,4,7,4,1
3072,9,7,11,0,4,1
3073,18,7,9,8,4,1
3074,19,7,8,8,4,0
3075,18,6,9,4,2,1
3076,9,6,6,7,4,0
3077,18,7,4,7,4,1
3078,9,5,11,3,4,1
3079,20,7,8,7,4,1
3080,9,7,4,7,4,1
3081,15,7,9,8,4,1
3082,15,6,10,8,4,1
3083,15,6,11,8,4,1
3084,15,6,9,8,4,1
3085,18,6,9,7,2,1
3086,15,6,11,8,4,1
3087,15,6,11,8,4,1
3088,15,6,9,8,4,1
3089,18,6,6,7,3,0
3090,14,6,11,8,4,1
3091,9,7,9,8,2,0
3092,19,7,11,8,4,1
3093,18,7,9,6,4,1
3094,18,7,11,1,4,1
3095,25,7,9,8,4,1
3096,9,7,11,1,4,0
3097,19,7,8,7,3,0
3098,15,7,11,8,4,1
3099,5,6,6,7,3,1
3100,15,6,10,8,4,1
3101,18,6,9,6,2,0
3102,15,6,11,8,4,1
3103,15,6,10,8,4,1
3104,18,5,11,8,4,1
3105,18,5,9,8,4,1
3106,18,5,4,7,3,1
3107,27,5,9,8,2,0
3108,9,5,11,8,4,1
3109,18,5,9,6,3,0
3110,15,6,11,8,4,1
3111,15,6,9,8,4,1
3112,15,6,11,8,4,1
3113,15,6,9,8,4,1
3114,27,6,11,5,4,0
3115,19,7,11,0,4,0
3116,19,7,11,2,4,1
3117,9,5,11,8,4,0
3118,19,4,8,7,3,0
3119,19,5,8,7,4,0
3120,5,4,11,7,3,0
3121,9,7,9,8,4,1
3122,25,7,8,7,3,1
3123,19,7,11,3,4,1
3124,19,7,11,3,4,1
3125,5,7,10,8,4,1
3126,9,7,10,8,4,1
3127,15,5,5,7,4,1
3128,5,7,9,5,2,1
3129,18,7,9,6,2,0
3130,18,5,1,8,4,0
3131,19,5,9,8,4,1
3132,18,6,10,6,4,0
3133,19,6,10,6,4,0
3134,18,5,10,3,4,1
3135,19,7,10,6,4,0
3136,1,6,7,7,4,0
3137,15,6,9,8,4,1
3138,19,6,9,6,2,0
3139,15,6,10,8,4,0
3140,9,6,9,3,2,1
3141,9,6,9,6,2,0
3142,15,6,11,8,4,1
3143,9,6,11,7,4,0
3144,18,6,9,6,3,1
3145,18,7,10,8,4,0
3146,18,7,11,6,4,1
3147,18,7,9,8,3,1
3148,18,6,8,7,3,0
3149,9,7,9,6,4,0
3150,27,7,11,4,4,0
3151,2,7,9,0,2,0
3152,25,7,10,5,4,0
3153,18,7,7,7,3,1
3154,18,6,5,7,3,0
3155,15,7,10,8,4,1
3156,5,5,11,8,4,0
3157,15,7,9,1,4,1
3158,20,7,11,3,4,1
3159,9,5,9,8,4,1
3160,9,5,11,3,2,0
3161,18,5,11,8,4,0
3162,9,5,10,8,4,1
3163,15,5,9,8,4,1
3164,9,5,8,7,4,1
3165,12,5,5,7,4,1
3166,18,5,6,7,4,1
3167,19,5,10,6,4,0
3168,18,5,11,5,4,1
3169,15,3,11,8,4,1
3170,5,5,10,7,4,0
3171,19,5,11,8,4,1
3172,15,3,10,8,4,1
3173,15,3,11,8,4,1
3174,19,5,11,8,4,1
3175,19,5,9,8,4,1
3176,15,3,10,8,4,1
3177,15,3,10,8,4,1
3178,15,3,10,8,4,1
3179,15,3,11,8,4,1
3180,19,5,10,8,4,1
3181,15,3,11,8,4,1
3182,15,3,10,8,4,1
3183,15,3,9,8,4,1
3184,15,3,10,8,4,1
3185,19,6,9,6,2,1
3186,15,3,9,8,4,1
3187,9,5,9,8,4,1
3188,15,3,9,8,4,1
3189,15,3,10,8,4,1
3190,15,3,11,8,4,1
3191,18,5,10,8,4,1
3192,19,5,9,6,3,1
3193,15,3,9,8,4,1
3194,15,3,9,8,4,1
3195,15,3,9,8,4,1
3196,15,3,10,8,4,1
3197,15,3,11,8,4,1
3198,19,6,9,6,2,1
3199,0,7,10,5,2,0
3200,19,7,10,4,2,1
3201,18,5,8,7,2,0
3202,19,7,10,3,2,1
3203,5,7,11,8,2,1
3204,18,7,8,7,3,0
3205,18,1,9,4,2,0
3206,9,7,10,4,2,1
3207,9,7,6,7,3,0
3208,19,7,9,4,2,1
3209,5,7,11,5,2,1
3210,5,7,10,5,2,1
3211,9,7,5,7,3,1
3212,15,3,11,8,2,1
3213,18,4,10,7,2,0
3214,18,5,11,8,2,1
3215,18,6,10,8,4,1
3216,18,5,10,8,2,1
3217,18,5,11,5,2,1
3218,27,5,9,2,2,0
3219,18,5,10,8,2,1
3220,2,5,11,8,4,1
3221,10,6,7,7,4,1
3222,18,6,6,7,3,1
3223,25,6,11,4,3,0
3224,18,6,10,5,4,0
3225,19,7,10,1,2,0
3226,25,5,6,7,4,0
3227,18,5,11,5,2,1
3228,19,5,10,6,4,0
3229,18,5,6,7,4,1
3230,9,6,11,5,4,0
3231,9,6,10,5,4,1
3232,15,6,10,8,4,1
3233,14,6,11,8,4,1
3234,15,6,10,8,4,1
3235,27,6,9,6,2,1
3236,9,5,10,6,4,0
3237,15,6,9,8,4,1
3238,15,6,7,8,4,1
3239,19,6,10,3,4,1
3240,18,6,11,6,4,1
3241,18,6,10,6,3,0
3242,18,6,4,7,3,1
3243,18,5,11,3,3,1
3244,18,5,11,4,3,1
3245,19,5,5,7,4,0
3246,10,5,9,8,4,1
3247,21,5,10,8,4,1
3248,18,5,9,8,2,1
3249,19,5,6,7,4,1
3250,18,5,1,8,4,0
3251,19,7,11,1,4,0
3252,27,4,7,7,1,0
3253,15,6,11,8,4,1
3254,18,7,8,7,4,1
3255,18,7,7,7,4,0
3256,9,4,6,6,1,0
3257,19,6,7,7,3,0
3258,27,5,7,7,4,1
3259,15,6,9,8,4,1
3260,15,6,11,8,4,1
3261,15,6,10,8,4,1
3262,15,7,2,7,4,0
3263,18,7,11,3,4,0
3264,18,7,11,2,4,1
3265,19,6,11,3,3,1
3266,15,7,4,7,3,1
3267,9,7,6,7,3,1
3268,0,7,8,7,4,0
3269,27,7,8,7,3,0
3270,18,7,4,7,3,0
3271,18,7,10,5,4,1
3272,25,7,8,7,4,1
3273,18,7,11,8,4,1
3274,18,7,2,8,4,0
3275,27,7,10,8,4,1
3276,27,7,9,3,2,1
3277,10,5,11,8,4,0
3278,18,6,7,7,3,1
3279,27,6,9,6,2,0
3280,15,3,10,8,4,1
3281,10,5,9,8,4,0
3282,15,3,10,8,4,1
3283,9,6,8,7,3,1
3284,19,5,7,7,4,0
3285,19,6,6,7,3,0
3286,15,5,11,8,4,1
3287,15,5,11,8,4,1
3288,15,5,9,8,4,1
3289,15,5,11,8,4,1
3290,9,5,6,7,3,0
3291,9,5,9,4,2,1
3292,15,3,11,8,4,1
3293,15,3,11,8,4,1
3294,15,5,11,8,4,1
3295,15,3,10,8,4,1
3296,15,5,6,7,3,1
3297,10,5,9,8,4,1
3298,18,5,11,8,4,1
3299,18,5,10,8,4,0
3300,15,3,10,8,4,1
3301,19,5,11,4,4,0
3302,19,4,7,7,3,0
3303,9,5,11,3,3,1
3304,9,4,2,7,3,1
3305,15,3,10,8,4,1
3306,9,6,11,8,2,1
3307,5,7,10,4,4,1
3308,9,4,6,7,3,0
3309,9,6,11,8,4,1
3310,15,6,10,8,4,0
3311,19,6,9,8,2,0
3312,15,6,10,8,4,1
3313,15,6,9,8,4,1
3314,19,6,10,4,4,0
3315,15,6,9,8,4,1
3316,5,7,11,8,4,1
3317,18,7,11,7,3,0
3318,27,5,9,5,2,1
3319,9,6,8,7,3,0
3320,18,7,10,3,4,1
3321,15,3,10,8,4,1
3322,18,6,11,6,3,0
3323,9,6,5,7,3,1
3324,15,3,10,8,4,1
3325,15,3,9,8,4,1
3326,15,3,10,8,4,1
3327,15,3,10,8,4,1
3328,15,3,11,8,4,1
3329,19,5,2,8,4,0
3330,2,5,10,8,4,1
3331,15,3,9,8,4,1
3332,15,3,9,8,4,1
3333,15,3,9,8,4,1
3334,27,5,10,8,4,1
3335,10,5,10,5,4,0
3336,18,5,10,6,4,1
3337,5,6,10,5,4,1
3338,18,6,8,7,3,0
3339,19,5,2,4,4,1
3340,9,6,11,4,2,0
3341,9,5,7,7,4,0
3342,9,6,11,7,3,0
3343,1,5,7,7,4,1
3344,9,7,8,7,3,1
3345,19,7,7,7,4,0
3346,5,7,11,3,4,1
3347,0,5,10,8,4,0
3348,5,7,6,7,4,0
3349,19,7,10,8,4,1
3350,19,7,9,3,4,1
3351,9,6,7,7,3,0
3352,18,7,9,8,2,1
3353,18,7,8,7,3,0
3354,9,7,10,3,4,1
3355,15,5,9,8,4,1
3356,15,6,10,8,4,1
3357,18,7,8,7,4,0
3358,15,7,9,8,4,1
3359,9,7,10,8,4,1
3360,19,7,11,2,2,1
3361,15,6,10,0,4,1
3362,27,6,11,5,4,1
3363,10,7,10,6,4,1
3364,15,6,9,8,4,1
3365,18,6,8,7,4,1
3366,15,6,9,8,4,1
3367,15,6,9,8,4,1
3368,27,6,10,8,4,0
3369,15,6,9,8,4,1
3370,15,6,9,8,4,1
3371,15,6,9,8,4,1
3372,15,6,10,8,4,1
3373,15,3,11,8,4,1
3374,9,6,10,6,4,0
3375,15,6,9,8,4,1
3376,18,6,11,0,4,0
3377,15,3,10,8,4,1
3378,18,5,10,6,4,0
3379,5,5,11,8,4,1
3380,5,5,7,7,4,0
3381,27,5,11,2,2,1
3382,9,5,9,6,2,1
3383,15,3,10,8,4,1
3384,18,3,1,8,4,0
3385,25,5,10,8,4,1
3386,27,5,9,3,4,1
3387,9,7,6,7,3,0
3388,19,7,9,8,3,1
3389,19,5,10,8,4,1
3390,9,7,10,5,4,1
3391,18,5,10,6,4,1
3392,9,7,9,8,4,0
3393,1,7,10,8,4,1
3394,5,7,8,7,4,1
3395,15,7,9,8,4,1
3396,9,7,11,7,3,1
3397,5,6,9,2,2,1
3398,18,6,9,6,3,1
3399,18,6,9,8,4,1
3400,15,6,10,8,4,1
3401,10,4,8,7,3,0
3402,18,6,8,7,4,1
3403,27,5,10,8,4,1
3404,18,6,10,8,4,1
3405,15,6,10,8,4,1
3406,18,6,8,7,3,0
3407,15,6,10,8,4,1
3408,0,6,9,7,3,1
3409,15,3,9,8,4,1
3410,25,6,10,7,4,1
3411,15,6,9,8,4,1
3412,10,6,9,8,4,1
3413,15,6,10,8,4,1
3414,15,6,11,8,4,1
3415,15,6,10,8,4,1
3416,18,6,9,6,3,0
3417,18,7,9,4,4,1
3418,10,7,9,3,4,1
3419,18,7,8,7,4,0
3420,27,7,9,8,2,1
3421,25,6,8,7,3,0
3422,15,6,9,8,4,1
3423,9,7,10,0,4,0
3424,15,7,9,6,4,1
3425,18,7,10,8,4,0
3426,19,7,10,8,4,1
3427,2,7,9,8,4,0
3428,18,6,8,7,4,1
3429,18,6,7,7,2,1
3430,1,6,8,7,3,0
3431,9,5,10,7,4,0
3432,15,3,10,8,4,1
3433,18,5,10,6,4,1
3434,9,5,8,7,4,0
3435,18,3,9,8,4,0
3436,19,5,11,0,4,0
3437,18,5,5,7,4,0
3438,27,5,9,5,2,1
3439,27,5,10,6,4,1
3440,27,5,9,6,2,1
3441,27,5,9,6,2,0
3442,27,5,10,5,4,1
3443,9,5,11,8,4,1
3444,15,3,9,8,4,1
3445,18,5,10,5,4,1
3446,19,5,8,7,4,0
3447,15,5,9,8,4,1
3448,19,5,11,8,4,1
3449,18,5,10,6,4,1
3450,19,5,9,3,2,0
3451,9,6,11,8,2,0
3452,9,7,11,8,4,1
3453,27,7,9,5,2,0
3454,27,7,11,6,2,0
3455,19,4,11,7,3,0
3456,18,7,10,0,4,1
3457,18,7,4,7,3,0
3458,9,6,8,7,4,0
3459,9,5,10,3,4,1
3460,19,6,9,8,2,0
3461,10,6,8,7,3,0
3462,15,6,9,8,4,1
3463,15,6,11,8,4,1
3464,18,6,7,8,4,0
3465,15,6,9,8,4,1
3466,18,6,9,6,3,0
3467,10,6,7,7,4,0
3468,15,6,11,8,4,1
3469,15,6,10,8,4,0
3470,18,6,9,8,3,0
3471,9,5,11,8,4,1
3472,18,7,10,6,4,0
3473,15,5,9,8,4,1
3474,12,5,9,8,4,1
3475,15,5,10,8,4,1
3476,18,5,11,3,4,0
3477,9,5,10,5,4,1
3478,27,5,11,8,4,1
3479,9,6,11,5,2,0
3480,19,6,10,4,4,1
3481,25,6,11,3,4,1
3482,18,7,8,7,4,0
3483,9,7,10,1,1,1
3484,27,7,11,6,4,0
3485,9,7,9,3,1,1
3486,19,6,11,6,4,0
3487,5,7,10,0,2,1
3488,18,5,9,6,3,0
3489,15,5,10,5,4,1
3490,18,6,9,3,2,1
3491,15,7,6,7,4,1
3492,15,6,10,8,4,1
3493,18,6,10,6,4,0
3494,15,6,9,8,4,1
3495,18,6,11,8,4,1
3496,15,6,9,8,4,1
3497,9,6,9,4,2,1
3498,15,6,10,8,4,1
3499,18,7,10,5,4,0
3500,18,7,9,5,4,0
3501,19,7,11,8,4,1
3502,15,3,10,8,4,1
3503,25,5,9,8,4,1
3504,19,5,9,4,2,1
3505,9,5,10,6,4,1
3506,19,5,11,4,4,0
3507,18,6,10,3,4,0
3508,10,5,10,8,4,1
3509,25,7,10,4,4,1
3510,18,7,11,5,2,0
3511,19,7,9,8,2,0
3512,27,7,10,6,4,0
3513,5,7,9,3,4,0
3514,9,7,10,3,4,1
3515,5,7,10,7,3,1
3516,27,7,8,7,3,0
3517,5,7,10,7,3,0
3518,18,7,5,7,4,0
3519,5,7,9,5,4,1
3520,18,7,11,3,4,0
3521,18,5,10,8,4,1
3522,18,5,11,8,4,1
3523,5,7,10,6,4,1
3524,27,7,2,6,4,0
3525,27,7,11,6,4,1
3526,5,7,8,7,3,0
3527,18,7,9,8,4,0
3528,27,7,9,3,3,1
3529,18,6,4,7,3,0
3530,15,6,9,8,4,1
3531,12,6,11,6,2,1
3532,15,6,10,8,4,0
3533,9,5,7,7,4,0
3534,15,6,9,8,4,1
3535,19,6,10,3,4,1
3536,19,5,9,4,2,1
3537,18,6,9,6,3,1
3538,18,6,11,4,4,1
3539,15,6,11,8,4,1
3540,18,6,6,7,3,0
3541,27,6,11,1,2,1
3542,15,6,10,8,4,1
3543,19,6,9,7,2,0
3544,18,7,9,4,4,1
3545,10,7,6,7,3,1
3546,18,6,5,7,3,0
3547,19,5,11,6,4,1
3548,15,5,9,8,4,1
3549,9,5,10,8,4,1
3550,15,5,9,0,2,1
3551,5,5,8,7,3,0
3552,19,4,7,7,3,0
3553,1,5,10,6,4,1
3554,27,4,6,7,3,0
3555,5,7,10,5,4,1
3556,9,7,9,8,4,1
3557,9,7,11,1,4,1
3558,18,7,9,6,4,1
3559,18,7,10,6,4,1
3560,20,6,7,7,3,1
3561,15,7,9,8,4,1
3562,19,5,11,8,4,1
3563,5,5,11,8,4,1
3564,18,7,8,7,3,1
3565,18,5,11,8,4,0
3566,18,7,10,8,4,0
3567,20,7,9,0,1,0
3568,18,7,10,8,4,1
3569,15,7,9,2,4,1
3570,18,7,10,8,4,1
3571,19,7,11,3,4,1
3572,18,6,2,3,4,0
3573,15,6,10,8,4,1
3574,15,6,10,8,4,1
3575,15,6,10,8,4,1
3576,5,6,9,7,3,1
3577,18,6,4,7,3,1
3578,15,5,11,8,4,1
3579,19,7,11,8,4,1
3580,18,7,9,4,4,1
3581,19,7,11,2,4,0
3582,19,7,10,3,3,0
3583,19,5,11,4,4,1
3584,26,7,10,8,4,1
3585,18,7,8,7,4,0
3586,9,7,9,3,4,1
3587,19,7,10,3,4,1
3588,9,7,10,8,4,1
3589,15,6,9,8,4,1
3590,9,7,9,5,1,1
3591,19,4,8,7,3,0
3592,27,5,11,8,4,1
3593,19,6,6,7,3,0
3594,10,6,5,7,4,0
3595,15,6,9,8,4,1
3596,14,6,11,8,4,1
3597,15,6,9,8,4,1
3598,9,6,9,8,2,1
3599,18,6,11,4,4,1
3600,15,6,10,8,4,1
3601,9,4,2,7,3,0
3602,15,5,11,8,4,1
3603,15,3,10,8,4,1
3604,5,5,7,7,4,1
3605,27,5,9,5,3,1
3606,18,5,11,2,4,1
3607,15,5,10,4,4,0
3608,9,4,7,8,2,0
3609,27,6,11,4,2,1
3610,18,6,10,6,4,0
3611,15,6,11,8,4,1
3612,15,6,10,8,4,1
3613,9,6,11,8,4,1
3614,15,6,9,8,4,1
3615,15,6,10,8,4,1
3616,15,6,11,8,4,1
3617,26,6,11,5,4,1
3618,27,6,11,7,4,1
3619,9,7,5,7,3,1
3620,27,5,4,7,4,1
3621,10,2,7,7,3,0
3622,5,7,10,6,4,1
3623,19,7,9,4,3,1
3624,18,4,10,6,4,0
3625,9,4,4,7,3,0
3626,19,6,11,6,3,0
3627,19,6,9,4,1,0
3628,18,7,10,8,4,1
3629,15,7,9,6,4,1
3630,9,7,8,7,4,1
3631,19,7,11,3,4,1
3632,15,7,10,8,4,1
3633,19,7,11,3,4,1
3634,15,7,9,8,4,1
3635,5,7,11,7,3,0
3636,18,7,10,8,4,1
3637,27,7,8,7,3,0
3638,18,6,5,7,3,0
3639,5,5,11,8,4,1
3640,9,4,2,3,2,0
3641,9,5,8,7,4,0
3642,9,5,10,8,4,1
3643,27,7,8,7,3,1
3644,27,5,9,5,2,1
3645,19,6,9,8,4,1
3646,19,6,6,7,3,0
3647,18,6,7,7,3,1
3648,15,6,9,8,4,1
3649,9,6,9,4,2,1
3650,9,6,11,2,3,0
3651,9,6,10,8,4,1
3652,19,6,8,7,3,0
3653,9,6,10,8,4,0
3654,9,6,9,7,1,0
3655,18,6,10,4,4,0
3656,18,7,11,6,4,1
3657,15,7,9,8,4,1
3658,9,6,7,7,1,0
3659,19,4,6,8,2,0
3660,18,7,7,7,4,1
3661,18,7,11,0,4,1
3662,18,7,9,0,4,1
3663,15,5,10,8,4,1
3664,18,6,5,7,4,0
3665,9,5,11,4,4,1
3666,18,5,10,8,4,1
3667,9,5,9,7,2,1
3668,15,5,9,3,4,1
3669,10,2,7,7,3,0
3670,15,5,10,6,4,1
3671,9,5,11,1,4,1
3672,15,6,9,8,4,1
3673,15,6,11,8,4,1
3674,15,6,9,8,4,1
3675,27,6,10,6,4,1
3676,9,6,11,4,2,1
3677,5,7,4,7,4,1
3678,15,7,9,8,4,1
3679,5,7,8,7,3,0
3680,18,7,11,6,4,0
3681,20,7,9,5,4,0
3682,19,7,5,7,4,0
3683,19,7,9,6,4,1
3684,15,6,6,7,4,1
3685,18,7,11,6,2,0
3686,19,7,11,3,4,1
3687,9,7,9,3,4,1
3688,5,7,11,6,4,1
3689,9,7,5,7,3,1
3690,19,6,9,8,2,1
3691,1,5,9,7,3,1
3692,27,5,10,6,4,0
3693,15,6,6,7,4,1
3694,18,6,11,3,2,0
3695,27,5,10,6,4,0
3696,27,6,9,8,1,0
3697,18,5,10,3,4,1
3698,19,5,8,7,3,0
3699,27,7,5,7,4,0
3700,19,4,11,5,2,0
3701,27,7,9,3,2,1
3702,15,7,11,8,4,1
3703,18,7,9,8,4,1
3704,9,7,10,4,4,1
3705,2,7,7,7,4,1
3706,15,6,11,4,4,1
3707,18,7,11,8,4,1
3708,18,7,11,8,4,1
3709,18,7,9,6,4,1
3710,18,7,4,7,3,1
3711,27,7,7,7,3,1
3712,19,7,6,7,3,0
3713,19,7,10,3,4,1
3714,19,7,11,3,2,1
3715,18,7,9,0,2,0
3716,9,6,6,7,4,1
3717,18,6,4,7,3,1
3718,15,6,10,8,4,1
3719,15,6,10,8,4,0
3720,9,6,11,5,2,0
3721,27,6,9,6,2,1
3722,9,6,10,6,4,1
3723,5,6,10,6,4,1
3724,15,6,9,8,4,1
3725,9,6,11,6,4,1
3726,18,5,11,8,4,0
3727,18,5,11,8,4,1
3728,1,5,5,7,4,1
3729,18,5,9,8,2,1
3730,18,5,8,7,4,0
3731,19,5,10,8,4,1
3732,27,5,10,8,4,1
3733,18,5,11,5,4,1
3734,18,5,9,4,4,1
3735,19,5,11,8,4,0
3736,19,5,7,7,3,0
3737,15,5,10,6,4,1
3738,18,5,8,7,4,0
3739,18,5,5,7,4,0
3740,18,5,1,8,4,0
3741,19,5,6,7,3,0
3742,19,5,10,4,4,1
3743,19,7,8,7,3,1
3744,26,7,6,7,3,0
3745,27,2,8,7,3,0
3746,19,7,2,8,4,0
3747,19,7,7,7,3,0
3748,5,7,10,5,4,1
3749,15,5,11,8,4,1
3750,27,7,11,6,4,1
3751,19,7,11,8,4,1
3752,18,7,9,8,4,1
3753,15,6,6,7,4,1
3754,5,7,9,4,2,1
3755,18,6,11,6,4,1
3756,15,6,9,5,4,1
3757,15,6,10,8,4,1
3758,5,6,9,1,2,1
3759,26,6,8,7,3,0
3760,15,6,11,8,4,1
3761,18,5,9,4,4,1
3762,15,6,10,8,4,1
3763,1,5,9,6,4,1
3764,9,5,10,8,4,0
3765,9,7,11,4,2,1
3766,0,7,10,8,4,1
3767,19,7,8,7,3,0
3768,5,7,9,6,4,0
3769,15,5,10,8,4,1
3770,20,2,7,7,3,0
3771,20,7,6,7,3,0
3772,19,7,9,4,4,1
3773,27,7,9,4,4,1
3774,18,7,6,7,4,1
3775,19,7,10,4,2,1
3776,18,7,11,6,4,1
3777,18,6,11,6,2,0
3778,18,5,8,7,4,0
3779,9,5,9,7,2,0
3780,5,5,10,6,4,0
3781,18,5,11,6,4,1
3782,9,5,11,5,2,1
3783,15,3,10,8,4,1
3784,15,6,11,8,4,1
3785,15,6,9,8,4,1
3786,18,6,9,8,2,1
3787,15,6,10,8,4,1
3788,15,3,11,8,4,1
3789,27,5,7,7,4,1
3790,18,6,11,7,4,0
3791,15,6,9,8,4,1
3792,5,5,9,4,2,1
3793,15,6,11,8,4,1
3794,27,6,8,7,4,1
3795,15,3,10,8,4,1
3796,15,3,11,8,4,1
3797,15,3,9,8,4,1
3798,15,5,11,8,4,1
3799,27,5,9,6,2,1
3800,27,5,10,6,4,0
3801,19,6,11,5,2,1
3802,19,5,11,8,4,1
3803,15,3,11,8,4,1
3804,10,7,10,0,4,1
3805,19,7,11,4,2,1
3806,26,7,9,5,2,0
3807,27,5,7,7,4,1
3808,18,4,10,6,4,0
3809,27,5,7,7,3,0
3810,18,7,4,7,2,0
3811,18,7,9,8,2,1
3812,18,7,5,7,3,0
3813,18,7,10,6,2,0
3814,19,5,11,3,2,0
3815,19,7,7,7,3,0
3816,19,7,9,6,2,0
3817,9,7,11,8,2,0
3818,10,2,7,7,3,0
3819,5,5,9,8,2,1
3820,18,5,10,6,2,1
3821,18,6,9,5,4,1
3822,27,7,9,6,2,1
3823,18,7,5,7,2,0
3824,19,7,11,6,2,1
3825,2,7,8,7,4,1
3826,15,6,9,8,4,1
3827,15,6,9,8,4,1
3828,9,6,9,4,2,1
3829,9,6,10,8,4,0
3830,19,6,10,4,4,1
3831,15,6,10,8,4,1
3832,10,7,9,0,2,0
3833,9,4,5,7,3,0
3834,9,4,6,7,3,0
3835,27,7,9,8,2,1
3836,19,7,10,3,2,1
3837,15,5,11,8,2,1
3838,18,7,9,2,2,1
3839,15,5,10,4,2,0
3840,15,5,10,8,2,1
3841,5,7,11,5,2,1
3842,12,5,11,8,2,1
3843,12,7,9,8,4,1
3844,18,7,9,5,2,1
3845,15,7,6,7,3,1
3846,18,5,11,6,2,1
3847,18,7,11,7,4,1
3848,18,7,10,6,4,1
3849,5,5,9,8,2,0
3850,27,7,10,6,4,1
3851,18,5,5,7,4,0
3852,18,7,5,7,4,1
3853,18,6,10,6,4,0
3854,19,7,11,5,2,1
3855,19,5,11,3,4,1
3856,9,6,8,7,3,0
3857,19,6,9,4,2,0
3858,5,7,4,7,4,1
3859,9,7,11,8,4,1
3860,27,5,10,4,4,1
3861,18,7,7,7,4,0
3862,9,6,7,7,3,0
3863,2,6,7,7,4,0
3864,20,7,6,7,3,0
3865,18,7,10,8,4,1
3866,9,7,9,5,2,1
3867,15,5,6,7,4,1
3868,15,5,11,8,4,1
3869,19,7,9,3,4,1
3870,18,7,8,7,4,0
3871,18,7,11,6,4,1
3872,5,6,9,6,2,1
3873,18,7,6,7,4,1
3874,15,6,9,8,4,1
3875,15,6,10,8,4,1
3876,18,7,11,1,4,1
3877,15,7,11,8,4,1
3878,15,3,11,8,4,1
3879,10,6,10,7,3,0
3880,18,6,9,5,2,0
3881,15,6,9,8,4,1
3882,19,6,11,4,4,1
3883,19,6,10,5,4,0
3884,15,6,10,8,4,1
3885,18,6,9,6,3,0
3886,10,5,11,8,4,1
3887,15,3,11,8,4,1
3888,19,5,6,7,3,1
3889,20,7,9,8,4,1
3890,18,5,9,5,4,1
3891,18,5,7,7,4,0
3892,27,7,10,8,4,0
3893,15,7,10,0,4,1
3894,5,5,10,6,4,0
3895,18,7,11,8,2,0
3896,10,7,8,7,4,0
3897,19,4,4,7,3,0
3898,18,5,8,7,4,0
3899,15,5,9,8,4,1
3900,27,6,10,5,4,1
3901,18,7,9,6,2,0
3902,18,5,9,5,4,1
3903,19,5,8,7,4,0
3904,9,4,6,8,1,0
3905,5,6,11,7,4,0
3906,18,7,10,8,4,1
3907,18,6,11,6,4,1
3908,15,6,10,8,4,1
3909,10,6,10,4,4,1
3910,18,6,9,7,2,1
3911,18,6,11,4,2,0
3912,27,7,9,8,4,1
3913,18,7,10,2,4,1
3914,15,7,11,8,4,1
3915,19,7,7,7,4,1
3916,18,7,11,8,4,1
3917,15,6,10,8,4,1
3918,15,6,9,8,4,1
3919,18,6,9,6,4,1
3920,15,6,10,8,4,1
3921,18,7,10,1,4,1
3922,1,5,11,8,4,1
3923,15,7,10,0,4,1
3924,15,5,9,8,4,1
3925,5,5,10,2,4,0
3926,27,5,9,5,2,0
3927,19,7,11,3,4,1
3928,19,7,9,3,2,1
3929,19,7,10,8,4,0
3930,19,7,9,8,2,1
3931,14,6,11,8,4,1
3932,9,6,9,7,2,0
3933,9,6,11,6,2,1
3934,19,6,9,8,2,0
3935,15,6,9,2,4,1
3936,15,6,10,8,4,1
3937,18,6,11,5,4,1
3938,9,6,10,3,4,1
3939,15,6,10,8,4,1
3940,15,6,9,8,4,1
3941,15,6,11,8,4,1
3942,18,7,10,6,4,1
3943,18,6,9,7,2,0
3944,27,7,5,7,4,0
3945,19,4,8,7,3,0
3946,9,6,5,7,3,0
3947,9,6,11,3,2,1
3948,15,7,11,8,4,1
3949,15,5,11,8,4,1
3950,10,6,11,8,2,1
3951,15,6,9,8,4,1
3952,15,6,11,8,4,1
3953,9,6,10,5,4,0
3954,5,7,9,6,2,1
3955,27,7,8,7,4,0
3956,27,7,10,2,4,1
3957,19,5,11,3,2,1
3958,5,6,6,7,3,1
3959,15,6,10,8,4,1
3960,5,7,4,7,4,1
3961,19,7,5,7,4,1
3962,19,7,10,4,4,1
3963,18,6,9,4,2,0
3964,20,7,10,6,4,1
3965,19,4,5,7,4,0
3966,5,7,11,6,4,1
3967,9,7,11,8,4,1
3968,19,7,9,6,2,1
3969,27,6,9,0,2,0
3970,5,4,11,7,3,0
3971,9,6,11,2,2,1
3972,19,4,8,7,3,0
3973,18,5,9,6,4,0
3974,2,6,11,2,4,1
3975,19,6,9,5,2,1
3976,19,6,7,7,3,0
3977,27,7,11,5,2,1
3978,18,5,9,4,2,1
3979,12,7,11,4,3,0
3980,19,5,10,3,4,1
3981,19,5,10,8,4,0
3982,9,6,7,7,3,1
3983,19,7,10,1,4,1
3984,15,7,10,0,4,1
3985,18,7,5,7,4,0
3986,18,7,8,7,3,0
3987,27,7,11,8,4,0
3988,19,5,6,7,3,1
3989,19,7,7,7,3,1
3990,18,7,4,7,3,1
3991,18,7,9,2,4,1
3992,15,7,11,8,4,1
3993,9,5,11,1,4,1
3994,15,7,9,8,4,1
3995,18,7,7,7,3,1
3996,27,6,6,7,3,0
3997,18,7,10,5,4,0
3998,18,7,9,8,4,1
3999,15,3,9,8,4,1
4000,18,5,9,4,2,1
4001,5,5,11,6,4,1
4002,9,7,10,4,2,0
4003,18,7,8,7,3,1
4004,15,5,11,8,4,1
4005,0,7,10,2,4,0
4006,19,7,11,0,4,1
4007,19,5,10,7,4,0
4008,5,7,11,5,4,1
4009,27,7,4,7,3,1
4010,5,7,10,5,4,1
4011,18,6,10,5,3,1
4012,5,7,7,7,4,0
4013,19,5,11,8,4,0
4014,27,7,10,6,4,1
4015,19,7,11,3,4,1
4016,9,7,6,7,4,1
4017,18,7,10,8,4,1
4018,15,6,10,8,4,1
4019,15,6,11,8,4,1
4020,27,6,9,8,2,1
4021,15,6,10,8,4,1
4022,5,6,10,3,4,1
4023,9,6,11,7,3,1
4024,9,6,9,5,2,1
4025,25,7,9,3,4,1
4026,15,6,11,8,4,1
4027,15,6,11,8,4,1
4028,15,6,10,8,4,1
4029,10,5,11,2,4,1
4030,27,5,11,6,4,0
4031,9,4,10,7,4,1
4032,19,7,11,6,4,1
4033,19,7,11,8,2,1
4034,19,7,9,8,2,1
4035,27,6,9,0,2,0
4036,27,6,9,0,2,0
4037,19,5,11,8,4,1
4038,18,5,10,6,4,0
4039,15,3,11,8,4,1
4040,18,7,11,7,2,0
4041,18,7,9,6,2,0
4042,19,5,10,3,4,1
4043,15,5,9,8,4,1
4044,15,6,6,7,4,1
4045,9,6,9,6,2,0
4046,19,7,11,8,4,1
4047,18,5,4,7,4,1
4048,25,6,9,8,3,0
4049,18,6,10,6,4,0
4050,18,4,10,6,4,0
4051,19,7,9,4,2,1
4052,18,7,8,7,4,0
4053,18,7,5,7,4,0
4054,19,7,11,3,4,1
4055,15,6,9,8,4,1
4056,15,6,10,8,4,1
4057,15,6,11,8,4,1
4058,15,6,11,8,4,1
4059,18,6,9,6,2,1
4060,10,2,11,7,3,0
4061,18,7,10,8,4,1
4062,9,7,11,8,4,1
4063,18,7,9,8,4,1
4064,15,7,6,7,3,1
4065,15,6,9,8,4,1
4066,9,6,8,5,4,0
4067,10,6,11,6,4,1
4068,18,6,6,7,4,0
4069,15,6,10,8,4,1
4070,18,6,9,6,2,1
4071,9,7,4,7,3,0
4072,5,5,10,3,4,1
4073,15,3,11,8,4,1
4074,19,5,10,6,4,0
4075,18,5,6,7,4,1
4076,19,5,9,3,4,1
4077,19,5,11,3,2,0
4078,19,6,5,7,4,1
4079,9,7,11,4,2,1
4080,15,7,11,2,3,0
4081,9,7,10,3,2,1
4082,18,7,5,7,3,0
4083,18,7,10,5,2,0
4084,19,5,9,3,2,1
4085,15,7,9,8,1,1
4086,18,7,11,1,2,0
4087,9,7,9,0,2,1
4088,5,7,10,1,2,1
4089,19,5,9,5,2,1
4090,27,7,11,6,2,0
4091,19,6,10,8,2,0
4092,27,7,7,7,4,1
4093,5,7,10,5,4,1
4094,15,7,10,8,4,1
4095,27,7,11,0,4,0
4096,18,5,11,8,4,0
4097,19,6,10,4,4,1
4098,15,6,9,8,4,1
4099,18,6,9,8,4,1
4100,18,6,8,7,4,0
4101,15,6,10,8,4,1
4102,20,7,11,3,4,0
4103,19,7,9,8,2,1
4104,10,6,10,6,4,0
4105,9,4,4,7,3,0
4106,9,7,11,0,1,1
4107,18,6,9,6,3,1
4108,19,5,9,8,2,0
4109,27,6,9,5,3,1
4110,27,6,7,7,3,1
4111,15,6,9,8,4,1
4112,19,6,10,6,4,1
4113,9,6,10,8,4,0
4114,15,6,9,8,4,1
4115,9,6,11,6,4,1
4116,19,4,6,8,2,0
4117,5,7,9,2,4,1
4118,18,5,10,6,4,0
4119,15,5,9,8,4,1
4120,18,5,11,4,2,0
4121,10,5,10,8,4,0
4122,9,5,9,8,2,0
4123,19,5,11,4,2,0
4124,19,7,9,5,2,0
4125,15,7,5,7,3,1
4126,5,7,4,7,4,1
4127,19,4,7,8,1,0
4128,18,7,11,4,3,0
4129,26,7,9,0,2,1
4130,18,5,10,3,4,0
4131,1,7,10,5,4,1
4132,19,7,9,8,1,0
4133,5,4,11,7,3,0
4134,5,4,11,7,3,0
4135,9,7,9,3,2,0
4136,9,7,11,6,4,1
4137,18,6,10,6,4,0
4138,20,5,10,7,4,0
4139,9,4,6,7,4,0
4140,19,4,10,7,4,0
4141,18,7,9,8,4,1
4142,27,7,11,6,4,0
4143,9,6,10,5,4,0
4144,18,6,9,6,2,0
4145,19,5,6,7,4,0
4146,1,7,10,3,4,0
4147,15,7,9,8,4,1
4148,5,7,7,7,3,1
4149,27,7,11,5,4,0
4150,9,7,9,8,2,0
4151,19,2,7,7,3,0
4152,9,5,10,4,4,1
4153,27,6,9,5,3,0
4154,18,5,9,6,4,0
4155,18,7,11,8,2,0
4156,19,7,10,4,4,1
4157,19,2,7,8,2,0
4158,15,6,9,8,4,1
4159,18,6,8,7,3,1
4160,18,6,8,7,4,0
4161,19,6,9,7,2,1
4162,15,6,9,8,4,1
4163,19,4,8,7,3,0
4164,19,4,8,7,3,0
4165,9,6,11,3,2,0
4166,15,6,10,8,4,1
4167,27,6,10,6,4,1
4168,15,6,10,8,4,0
4169,1,6,10,8,4,1
4170,27,6,7,7,3,1
4171,19,7,9,6,2,0
4172,18,5,5,7,4,0
4173,27,5,10,6,4,1
4174,15,3,10,8,4,1
4175,18,3,11,8,4,1
4176,27,5,9,6,4,1
4177,27,5,11,8,4,1
4178,19,5,11,8,4,1
4179,18,5,11,8,4,0
4180,15,7,6,7,3,1
4181,15,5,10,5,4,1
4182,15,3,11,8,4,1
4183,18,7,11,6,4,1
4184,19,7,11,4,2,1
4185,18,7,11,6,4,1
4186,18,7,10,1,4,1
4187,19,5,11,6,2,0
4188,18,5,10,6,4,0
4189,19,7,7,7,4,1
4190,9,5,11,5,4,0
4191,27,7,10,5,4,1
4192,18,7,10,8,4,1
4193,5,7,10,5,4,1
4194,27,7,11,8,4,1
4195,5,7,6,7,3,1
4196,18,6,11,6,3,1
4197,19,6,8,7,4,0
4198,15,6,10,8,4,1
4199,19,6,11,4,2,1
4200,27,6,10,5,4,1
4201,27,7,11,8,4,0
4202,27,6,10,5,1,1
4203,18,7,11,0,4,1
4204,20,7,10,8,4,1
4205,19,5,10,5,4,0
4206,5,4,11,7,2,0
4207,14,6,11,8,4,1
4208,18,7,11,3,4,0
4209,19,7,11,3,4,0
4210,5,7,7,7,4,1
4211,18,7,11,5,2,0
4212,5,4,11,7,3,1
4213,18,6,8,7,3,0
4214,9,7,10,5,4,1
4215,27,7,11,8,4,1
4216,15,6,11,8,4,1
4217,18,6,10,4,4,1
4218,19,6,11,6,2,1
4219,15,6,10,8,4,1
4220,15,6,10,8,4,1
4221,20,7,4,7,4,1
4222,27,7,10,3,4,1
4223,26,7,10,5,4,1
4224,19,5,10,6,4,0
4225,15,3,10,8,4,1
4226,1,5,10,6,4,1
4227,15,3,11,8,4,1
4228,15,3,10,8,4,1
4229,15,5,11,2,4,1
4230,18,5,10,3,4,1
4231,5,7,10,8,4,1
4232,15,3,10,8,4,1
4233,18,7,10,0,4,1
4234,18,5,11,4,2,0
4235,27,7,11,5,4,1
4236,18,7,10,4,4,1
4237,18,7,11,0,4,1
4238,15,7,6,7,4,1
4239,9,5,11,4,2,1
4240,14,7,11,8,4,1
4241,27,7,10,6,4,0
4242,15,3,10,8,4,1
4243,5,7,10,3,4,0
4244,18,7,11,6,4,1
4245,15,5,10,8,4,1
4246,15,3,10,8,4,1
4247,15,7,4,7,4,1
4248,15,3,11,8,4,1
4249,15,5,10,3,4,1
4250,15,7,10,8,4,1
4251,9,7,10,3,4,1
4252,18,6,10,6,4,0
4253,15,6,6,7,3,1
4254,14,6,11,8,4,1
4255,15,6,10,8,4,1
4256,15,6,11,8,4,1
4257,15,6,10,8,4,1
4258,9,4,11,7,3,0
4259,27,7,10,8,4,1
4260,18,7,11,6,4,1
4261,19,6,8,7,4,0
4262,15,5,10,8,4,1
4263,15,6,11,8,4,1
4264,18,6,10,4,4,1
4265,9,6,4,7,3,0
4266,9,6,11,4,2,1
4267,15,6,10,8,4,1
4268,18,6,11,6,3,0
4269,15,5,10,8,3,1
4270,27,5,10,8,4,1
4271,15,3,10,8,4,1
4272,15,5,10,8,4,1
4273,12,5,11,8,4,0
4274,20,7,11,6,2,0
4275,10,7,11,4,2,1
4276,15,7,11,8,4,1
4277,19,7,11,3,4,0
4278,10,7,10,5,4,1
4279,5,5,11,5,2,0
4280,18,7,8,7,3,0
4281,18,7,10,4,4,1
4282,25,6,5,7,3,1
4283,19,7,6,7,4,1
4284,19,7,6,7,3,0
4285,19,4,8,6,3,0
4286,18,7,10,3,4,1
4287,18,7,11,8,4,0
4288,9,6,4,7,3,1
4289,15,7,10,8,4,1
4290,19,7,11,6,2,1
4291,10,7,10,3,4,1
4292,9,6,11,7,3,0
4293,18,7,10,7,3,0
4294,19,7,9,8,4,1
4295,10,6,6,7,3,0
4296,9,5,7,5,3,1
4297,9,7,10,3,4,1
4298,5,7,11,3,2,0
4299,27,6,11,8,2,1
4300,9,6,10,2,4,1
4301,18,0,7,8,2,1
4302,18,4,7,7,2,0
4303,19,5,9,3,2,1
4304,9,6,9,7,1,0
4305,15,6,11,8,4,1
4306,15,6,9,8,4,1
4307,19,5,10,4,4,1
4308,15,3,11,8,4,1
4309,15,5,11,8,4,1
4310,15,3,9,8,4,1
4311,19,5,9,8,2,0
4312,27,7,9,5,2,0
4313,1,7,9,6,4,1
4314,18,7,11,5,4,1
4315,18,7,10,0,4,1
4316,1,5,8,7,4,1
4317,15,5,10,8,4,1
4318,15,5,10,8,4,1
4319,2,7,9,6,2,1
4320,18,7,11,6,4,1
4321,9,7,8,7,3,1
4322,18,6,9,6,2,1
4323,9,7,8,7,3,0
4324,21,7,11,3,4,0
4325,20,6,9,5,2,1
4326,18,7,9,8,2,0
4327,18,7,7,7,3,0
4328,10,7,7,7,3,0
4329,9,5,9,8,3,0
4330,15,7,11,8,4,1
4331,27,4,4,7,4,0
4332,19,7,10,5,4,0
4333,19,4,8,7,3,0
4334,27,7,6,7,4,1
4335,18,7,11,3,4,1
4336,25,7,9,1,4,1
4337,15,6,5,8,3,1
4338,1,7,9,5,3,1
4339,15,7,9,8,4,1
4340,18,7,4,7,4,1
4341,15,5,11,8,4,1
4342,18,7,11,8,2,0
4343,15,5,11,8,4,1
4344,18,5,9,7,2,1
4345,19,7,9,6,3,0
4346,15,5,11,8,4,1
4347,9,7,9,8,4,1
4348,15,5,11,8,4,1
4349,15,3,9,8,4,1
4350,27,7,8,7,4,1
4351,15,5,11,8,4,1
4352,15,5,9,8,4,1
4353,18,5,9,7,4,1
4354,27,6,5,7,3,0
4355,19,5,6,7,3,1
4356,20,1,4,6,2,0
4357,9,4,4,7,3,1
4358,9,6,11,4,4,1
4359,25,7,11,3,4,0
4360,9,7,11,3,4,1
4361,27,7,11,8,4,0
4362,27,6,11,6,2,0
4363,19,6,5,7,3,0
4364,18,7,11,1,4,0
4365,27,7,9,4,2,1
4366,15,5,9,8,4,1
4367,27,5,11,7,2,0
4368,15,3,11,8,4,1
4369,27,7,11,0,4,1
4370,15,6,9,8,4,1
4371,15,6,9,8,4,1
4372,18,6,9,2,2,0
4373,19,6,4,7,4,0
4374,18,6,6,7,4,1
4375,15,6,11,8,4,1
4376,19,7,9,4,2,1
4377,15,6,11,8,4,1
4378,15,6,9,8,4,1
4379,9,6,8,7,3,0
4380,19,4,5,7,3,0
4381,15,7,9,3,4,1
4382,19,7,2,8,2,0
4383,19,5,9,7,2,1
4384,27,7,9,2,2,1
4385,19,7,8,7,3,1
4386,18,7,11,6,4,1
4387,15,7,9,8,4,1
4388,15,6,11,8,4,1
4389,9,6,9,8,1,1
4390,15,6,10,8,4,0
4391,19,6,11,6,2,1
4392,19,6,7,7,4,0
4393,15,6,11,8,4,1
4394,19,6,9,7,2,0
4395,5,6,5,7,4,1
4396,9,6,9,5,2,1
4397,15,6,2,8,4,1
4398,14,6,11,8,4,1
4399,18,6,9,5,2,1
4400,15,6,11,8,4,1
4401,18,5,11,6,4,1
4402,19,7,11,3,4,0
4403,19,7,8,7,4,0
4404,18,5,8,7,4,0
4405,19,5,9,2,4,1
4406,19,7,9,1,4,1
4407,18,5,11,6,3,1
4408,2,6,11,6,3,0
4409,19,7,9,1,2,0
4410,10,2,7,7,3,0
4411,27,5,9,5,2,1
4412,19,7,11,6,2,0
4413,18,7,5,7,3,0
4414,18,7,11,6,2,1
4415,5,5,11,7,2,0
4416,27,5,11,5,2,0
4417,19,7,11,7,2,0
4418,2,7,11,3,2,1
4419,9,7,11,4,2,1
4420,27,7,9,5,2,1
4421,18,6,9,7,2,0
4422,5,7,7,7,3,0
4423,18,7,7,6,3,0
4424,18,7,8,7,3,0
4425,19,7,9,3,2,1
4426,19,4,4,7,4,1
4427,18,7,11,0,2,1
4428,5,7,8,7,3,1
4429,18,5,11,8,2,1
4430,10,2,8,7,3,0
4431,19,7,4,7,3,0
4432,27,7,5,7,3,1
4433,27,7,11,8,2,1
4434,19,6,5,7,3,0
4435,1,7,9,8,2,1
4436,19,4,8,7,3,0
4437,1,7,7,7,3,1
4438,15,5,11,8,2,1
4439,1,5,9,8,2,1
4440,19,4,8,7,3,0
4441,19,4,8,7,3,0
4442,19,5,9,8,2,0
4443,19,7,11,6,2,1
4444,1,7,9,6,2,1
4445,9,7,11,5,2,1
4446,9,7,9,4,2,1
4447,10,4,7,7,1,0
4448,2,7,4,7,3,1
4449,5,7,5,7,2,1
4450,18,7,10,1,4,0
4451,25,6,7,7,3,1
4452,19,7,11,8,4,1
4453,19,7,10,7,3,0
4454,10,4,7,7,1,0
4455,19,6,8,7,3,0
4456,9,7,7,7,3,1
4457,9,6,5,7,3,1
4458,20,7,11,1,4,0
4459,18,7,9,3,2,1
4460,9,4,8,7,3,0
4461,20,7,11,8,4,1
4462,1,7,9,6,4,1
4463,19,6,8,7,4,1
4464,18,7,9,5,4,1
4465,15,6,9,8,4,1
4466,15,7,6,7,3,1
4467,18,7,10,6,4,0
4468,1,7,11,5,4,1
4469,19,7,9,8,2,0
4470,15,6,9,8,4,1
4471,27,7,11,0,2,0
4472,18,7,11,0,4,0
4473,10,6,7,7,4,1
4474,19,7,9,4,2,1
4475,10,7,11,7,4,0
4476,5,7,11,5,4,1
4477,9,4,11,7,3,0
4478,5,6,4,7,4,1
4479,15,6,10,8,4,0
4480,15,6,9,8,4,1
4481,14,6,11,8,4,1
4482,15,7,11,8,4,1
4483,19,6,10,2,4,0
4484,19,6,10,5,4,0
4485,18,5,9,5,4,1
4486,15,5,10,8,4,1
4487,15,5,9,8,4,1
4488,18,5,9,6,4,1
4489,15,5,11,8,4,1
4490,27,5,11,6,4,0
4491,27,7,5,7,3,0
4492,18,7,10,8,4,1
4493,18,5,4,7,4,1
4494,27,7,11,6,2,1
4495,15,5,10,8,4,1
4496,5,6,9,7,2,0
4497,18,7,10,3,4,1
4498,15,7,9,8,4,1
4499,27,5,11,6,4,0
4500,18,7,9,3,4,1
4501,15,7,10,3,4,1
4502,18,7,11,4,3,0
4503,9,6,10,4,4,1
4504,18,7,10,8,4,1
4505,19,6,10,0,4,0
4506,9,7,4,7,3,1
4507,18,7,6,7,3,0
4508,15,5,11,8,4,1
4509,27,7,11,6,4,0
4510,18,7,10,3,4,1
4511,18,7,6,7,3,1
4512,19,7,10,0,4,1
4513,19,7,11,2,2,1
4514,18,7,11,6,4,1
4515,5,5,11,8,2,0
4516,18,7,7,7,3,0
4517,19,7,10,8,4,0
4518,15,5,11,8,4,1
4519,27,5,6,7,4,0
4520,15,6,11,8,4,1
4521,15,6,10,8,4,1
4522,15,3,10,8,4,1
4523,9,7,11,6,2,1
4524,18,5,11,4,2,0
4525,27,7,5,7,3,1
4526,9,7,10,4,4,1
4527,27,7,6,7,3,1
4528,18,6,11,8,2,1
4529,19,7,11,6,4,1
4530,9,6,11,4,4,1
4531,9,6,9,6,2,0
4532,9,6,6,7,3,1
4533,27,5,11,7,2,1
4534,19,7,7,7,3,0
4535,18,7,11,3,4,1
4536,19,7,9,8,4,1
4537,18,7,9,2,4,1
4538,27,7,7,7,3,0
4539,19,6,11,5,2,1
4540,19,7,11,8,4,0
4541,9,6,11,4,2,0
4542,19,7,11,6,2,0
4543,18,5,9,8,4,1
4544,9,4,6,7,4,0
4545,25,7,9,7,3,1
4546,25,7,9,1,2,1
4547,18,7,11,6,4,1
4548,15,6,9,8,4,1
4549,9,4,4,7,3,0
4550,15,6,10,8,4,1
4551,15,6,9,8,4,1
4552,15,6,11,8,4,1
4553,15,6,9,8,4,1
4554,15,6,10,8,4,1
4555,18,7,9,0,2,1
4556,27,4,8,7,3,0
4557,9,6,9,5,4,1
4558,5,7,11,5,2,1
4559,19,7,9,0,4,1
4560,1,5,11,3,4,1
4561,19,5,11,6,2,0
4562,19,7,9,3,4,1
4563,1,5,9,5,4,1
4564,9,4,7,7,3,0
4565,19,6,11,3,2,1
4566,18,7,6,7,1,0
4567,18,5,11,3,2,1
4568,19,4,11,6,2,0
4569,18,7,2,1,4,1
4570,9,7,9,3,2,1
4571,18,7,9,8,4,1
4572,18,7,11,6,4,1
4573,5,7,11,8,4,1
4574,18,7,10,8,4,0
4575,9,5,9,8,2,0
4576,27,4,9,6,2,0
4577,19,7,11,8,4,1
4578,1,6,6,7,3,0
4579,18,6,6,7,3,1
4580,18,7,10,6,4,1
4581,27,7,9,5,2,0
4582,18,7,10,3,4,0
4583,19,7,11,3,2,1
4584,18,7,10,8,4,1
4585,9,7,9,5,4,1
4586,27,7,10,8,4,1
4587,9,7,9,3,2,1
4588,9,7,10,5,2,1
4589,9,7,9,7,3,0
4590,19,6,9,4,4,1
4591,10,6,9,5,2,0
4592,9,7,10,8,4,0
4593,18,7,9,2,2,1
4594,12,5,11,4,4,1
4595,18,7,11,3,4,1
4596,19,4,8,7,3,0
4597,27,7,10,8,4,0
4598,19,6,10,7,4,0
4599,20,7,10,3,4,1
4600,18,5,10,6,4,0
4601,5,5,9,5,2,1
4602,19,7,11,1,2,0
4603,19,2,8,7,3,0
4604,18,7,11,6,4,1
4605,19,6,9,3,2,1
4606,15,6,10,8,4,1
4607,15,6,11,8,4,1
4608,9,6,11,6,2,1
4609,9,7,11,1,4,1
4610,15,7,10,8,4,1
4611,5,7,8,7,4,1
4612,27,7,5,7,3,1
4613,9,7,9,6,2,1
4614,19,7,11,2,2,1
4615,18,7,10,8,2,1
4616,27,6,10,5,4,0
4617,19,7,6,7,3,1
4618,1,7,10,8,4,1
4619,5,7,11,5,4,0
4620,19,6,10,7,4,0
4621,18,6,5,7,3,0
4622,5,6,9,7,3,0
4623,9,7,2,7,3,0
4624,27,7,11,6,4,0
4625,18,7,11,5,4,1
4626,27,6,11,6,3,1
4627,27,4,11,1,2,0
4628,25,7,10,6,4,1
4629,19,7,10,1,4,0
4630,19,6,9,6,2,1
4631,9,7,11,2,4,1
4632,18,7,4,7,4,1
4633,5,6,10,5,4,1
4634,27,5,6,7,4,1
4635,9,7,4,7,3,0
4636,5,6,10,7,4,0
4637,19,6,11,5,2,1
4638,19,5,9,5,2,0
4639,27,6,5,7,4,0
4640,5,6,10,5,4,0
4641,19,6,10,6,4,0
4642,15,6,10,8,4,1
4643,15,6,9,8,4,1
4644,15,6,9,8,4,1
4645,25,6,11,7,4,0
4646,18,7,10,6,4,0
4647,15,3,10,8,4,1
4648,18,5,10,3,4,1
4649,18,7,9,8,4,1
4650,15,5,10,8,4,1
4651,9,7,10,0,2,1
4652,27,7,11,6,3,1
4653,5,7,10,7,3,0
4654,9,7,7,7,3,1
4655,27,7,9,6,2,1
4656,18,6,9,5,2,0
4657,19,6,9,3,2,0
4658,18,7,8,7,3,0
4659,5,6,10,5,4,1
4660,5,7,10,5,4,1
4661,18,7,9,5,4,1
4662,18,7,10,8,4,0
4663,1,7,7,7,3,1
4664,0,6,9,7,2,1
4665,27,6,8,7,3,0
4666,27,5,9,8,2,0
4667,9,4,6,8,1,0
4668,15,5,6,7,4,1
4669,27,7,11,8,4,0
4670,10,2,8,7,3,0
4671,15,5,10,4,2,1
4672,18,7,9,3,2,1
4673,27,7,6,7,3,0
4674,5,7,9,1,2,0
4675,18,7,9,8,4,1
4676,18,7,4,7,3,1
4677,19,7,10,8,4,0
4678,18,6,4,7,3,1
4679,27,6,9,8,2,0
4680,27,6,10,5,4,0
4681,12,6,6,7,1,1
4682,9,6,9,8,2,1
4683,14,6,11,8,4,1
4684,9,6,10,4,4,1
4685,15,7,9,8,4,1
4686,10,7,7,7,3,0
4687,9,7,10,4,4,1
4688,15,6,10,8,4,1
4689,15,6,7,8,4,1
4690,15,6,9,8,4,1
4691,15,6,9,8,4,1
4692,18,5,4,4,3,1
4693,15,5,9,8,4,1
4694,27,7,11,3,4,1
4695,18,7,9,0,4,1
4696,1,7,11,6,2,0
4697,18,7,10,4,4,0
4698,19,7,9,2,4,1
4699,27,7,5,7,4,0
4700,15,7,1,7,4,1
4701,27,7,11,4,2,0
4702,18,7,2,6,2,0
4703,15,6,10,8,4,1
4704,27,6,10,5,4,1
4705,15,6,9,8,4,1
4706,15,6,11,8,4,1
4707,15,6,11,8,4,1
4708,18,6,10,8,4,1
4709,10,6,8,7,4,0
4710,15,6,9,8,4,1
4711,27,5,11,5,2,1
4712,18,7,11,5,2,1
4713,19,7,11,8,2,1
4714,5,7,11,5,2,1
4715,18,5,9,6,2,0
4716,9,5,10,6,2,1
4717,19,7,9,5,2,0
4718,9,7,7,7,3,1
4719,2,5,6,7,3,1
4720,15,7,9,8,1,1
4721,27,7,8,5,3,0
4722,9,7,2,3,2,0
4723,18,7,5,7,2,1
4724,19,5,11,8,2,0
4725,19,7,9,4,2,0
4726,27,7,5,7,3,0
4727,27,7,10,7,3,0
4728,19,7,7,7,2,1
4729,18,7,9,8,2,1
4730,19,7,10,8,2,1
4731,18,7,11,1,2,1
4732,15,7,6,7,3,1
4733,19,7,9,6,2,0
4734,18,7,9,0,2,0
4735,15,3,10,8,2,1
4736,0,7,11,6,2,1
4737,1,7,10,8,3,1
4738,19,7,9,1,2,1
4739,18,7,11,7,2,0
4740,19,6,10,6,4,0
4741,18,7,10,5,4,1
4742,15,6,9,8,4,1
4743,15,6,10,8,4,1
4744,15,6,9,8,4,1
4745,19,7,7,7,4,1
4746,15,6,9,8,4,1
4747,19,6,5,7,4,0
4748,27,5,9,5,2,0
4749,15,5,11,8,4,1
4750,19,7,11,8,2,0
4751,21,5,10,0,4,0
4752,9,5,11,4,4,0
4753,18,5,8,7,3,0
4754,18,7,6,7,3,1
4755,2,7,11,8,4,1
4756,15,5,10,8,4,1
4757,27,7,11,0,2,0
4758,18,7,9,2,3,0
4759,15,3,11,8,4,1
4760,15,7,10,4,4,1
4761,18,7,11,8,4,0
4762,15,5,9,5,4,1
4763,18,7,11,3,4,1
4764,27,7,11,5,4,1
4765,1,7,10,4,4,1
4766,18,4,11,7,3,0
4767,18,4,5,7,3,0
4768,9,4,8,7,3,0
4769,9,6,7,7,3,0
4770,10,4,4,7,1,0
4771,9,4,4,7,3,0
4772,27,7,11,6,2,0
4773,19,7,10,5,4,0
4774,27,7,11,8,4,1
4775,15,6,9,8,4,1
4776,18,6,11,7,4,0
4777,15,6,10,8,4,1
4778,19,6,9,8,2,0
4779,5,7,11,3,4,1
4780,18,4,10,6,4,0
4781,15,6,11,8,4,1
4782,5,6,11,8,4,1
4783,15,6,9,8,4,1
4784,19,7,10,4,2,1
4785,9,7,11,8,4,1
4786,15,5,9,8,4,1
4787,9,6,9,5,2,0
4788,9,5,9,3,4,1
4789,18,5,10,3,4,0
4790,27,6,10,5,4,0
4791,27,7,4,7,3,1
4792,19,7,9,8,2,1
4793,27,4,7,7,3,0
4794,27,7,8,7,3,0
4795,18,5,9,5,2,0
4796,27,5,8,7,4,1
4797,18,7,11,8,4,1
4798,19,7,4,4,4,1
4799,18,6,10,4,4,0
4800,18,7,10,6,4,0
4801,19,7,9,6,2,1
4802,19,7,7,7,3,0
4803,27,7,11,8,4,1
4804,19,4,8,7,3,0
4805,19,4,8,7,3,0
4806,18,6,10,6,4,0
4807,18,7,10,8,4,0
4808,19,7,8,7,4,0
4809,27,7,9,2,4,1
4810,18,6,10,6,4,0
4811,18,7,11,4,4,0
4812,10,5,11,8,4,0
4813,19,7,7,7,3,1
4814,20,6,11,6,2,0
4815,15,6,11,8,4,1
4816,20,6,9,7,2,0
4817,18,7,11,7,3,1
4818,18,6,10,5,4,0
4819,15,6,9,8,4,1
4820,15,6,11,8,4,1
4821,15,6,10,8,4,1
4822,15,6,11,8,4,1
4823,5,6,9,7,2,1
4824,15,3,9,8,4,1
4825,27,5,11,8,4,1
4826,18,7,10,4,2,1
4827,9,7,9,5,4,0
4828,9,7,10,7,4,0
4829,15,3,4,8,4,1
4830,18,7,11,0,4,1
4831,15,7,10,8,4,0
4832,12,5,11,6,4,1
4833,27,4,11,0,2,0
4834,27,7,6,7,3,1
4835,27,7,9,8,2,1
4836,19,6,9,4,2,0
4837,18,4,11,3,2,0
4838,18,5,6,7,4,0
4839,18,5,10,3,4,1
4840,19,7,10,8,4,1
4841,27,4,11,7,3,0
4842,19,7,5,7,3,0
4843,18,0,7,7,3,0
4844,15,5,11,2,4,1
4845,27,7,10,5,4,1
4846,10,6,11,3,2,1
4847,15,7,2,3,4,0
4848,27,6,6,7,3,0
4849,26,6,10,5,4,1
4850,19,7,9,1,2,0
4851,15,5,9,4,4,1
4852,15,6,9,8,4,1
4853,19,6,10,3,4,1
4854,15,6,9,8,4,1
4855,15,6,11,8,4,1
4856,18,6,5,7,4,0
4857,15,6,9,8,4,1
4858,5,4,11,7,2,0
4859,18,7,11,4,4,1
4860,18,7,8,7,3,0
4861,19,4,5,7,3,0
4862,9,6,10,3,4,1
4863,15,6,9,8,4,1
4864,15,6,11,8,4,1
4865,15,6,11,8,4,1
4866,19,7,11,8,4,1
4867,15,7,6,7,3,1
4868,15,5,10,5,4,1
4869,9,5,7,7,4,1
4870,27,7,10,3,4,0
4871,19,7,11,8,4,0
4872,18,7,10,8,2,1
4873,15,5,10,8,4,1
4874,19,7,9,2,4,1
4875,27,7,11,5,4,1
4876,9,5,11,3,4,1
4877,1,5,9,5,4,1
4878,9,6,9,8,2,0
4879,9,7,10,6,4,0
4880,18,7,9,3,4,1
4881,9,6,11,3,2,1
4882,18,7,8,7,3,0
4883,19,7,7,7,3,1
4884,19,2,4,7,3,0
4885,27,7,11,0,2,0
4886,19,7,10,5,4,0
4887,19,4,8,7,3,0
4888,18,7,9,8,4,1
4889,18,7,11,4,4,1
4890,15,6,11,8,4,1
4891,10,7,9,8,1,1
4892,9,7,10,1,1,1
4893,15,6,4,8,4,1
4894,15,6,4,8,4,1
4895,18,6,11,7,2,1
4896,15,6,10,8,4,1
4897,27,6,7,8,4,1
4898,15,6,7,8,4,1
4899,15,6,9,8,4,1
4900,15,6,9,8,4,1
4901,15,6,9,8,4,1
4902,15,6,9,8,4,1
4903,19,7,9,3,2,1
4904,15,6,6,7,4,1
4905,15,6,10,8,4,1
4906,19,6,11,8,4,1
4907,15,6,10,8,4,1
4908,27,7,10,6,4,1
4909,19,5,8,7,4,0
4910,25,6,9,5,2,1
4911,27,5,5,7,4,1
4912,5,7,9,5,4,1
4913,27,5,9,8,3,0
4914,9,5,11,8,4,0
4915,27,5,10,8,4,1
4916,9,6,11,5,2,0
4917,18,7,6,7,3,1
4918,27,6,4,7,3,1
4919,19,6,10,6,4,1
4920,27,5,10,8,4,1
4921,15,7,9,6,4,1
4922,27,7,4,7,3,1
4923,19,6,8,7,3,0
4924,18,7,11,6,2,1
4925,27,5,10,5,4,1
4926,9,7,10,8,4,0
4927,18,6,9,6,3,1
4928,27,7,5,7,3,0
4929,18,6,10,2,4,0
4930,18,7,7,7,3,0
4931,18,7,9,0,4,0
4932,18,7,5,7,3,0
4933,18,6,11,5,4,1
4934,18,7,10,5,4,1
4935,9,6,9,8,2,1
4936,19,4,8,7,3,0
4937,18,5,11,8,4,1
4938,19,7,7,7,3,0
4939,0,7,5,7,3,0
4940,18,7,9,6,4,0
4941,19,5,10,4,4,0
4942,0,5,7,7,4,1
4943,27,7,9,6,2,1
4944,15,6,10,8,4,1
4945,15,6,9,1,4,1
4946,5,6,9,5,2,1
4947,15,6,10,8,4,1
4948,15,6,11,8,4,1
4949,15,6,9,8,4,1
4950,5,7,4,7,3,1
4951,1,7,10,5,4,1
4952,15,6,9,8,4,1
4953,9,6,6,7,3,1
4954,15,6,2,8,4,0
4955,10,6,8,7,3,0
4956,15,3,2,8,4,1
4957,19,5,9,8,4,0
4958,18,5,9,8,2,0
4959,18,5,10,7,3,0
4960,15,7,10,6,4,1
4961,19,7,5,7,4,0
4962,18,5,11,6,2,0
4963,19,7,10,1,2,1
4964,18,6,11,6,2,0
4965,18,5,10,5,4,0
4966,9,6,7,7,3,0
4967,15,7,10,8,4,1
4968,15,6,9,8,4,1
4969,15,6,10,8,4,1
4970,15,6,11,8,4,1
4971,15,6,9,8,4,1
4972,9,6,10,6,4,0
4973,15,6,9,8,4,1
4974,15,6,9,8,4,1
4975,15,6,11,8,4,1
4976,18,7,11,3,4,1
4977,19,2,10,3,4,1
4978,18,7,11,5,2,1
4979,18,6,0,8,4,0
4980,0,6,8,7,3,0
4981,5,7,9,8,2,1
4982,18,7,11,6,2,1
4983,18,7,11,8,2,1
4984,9,7,10,2,2,0
4985,18,7,9,2,4,1
4986,15,2,9,8,4,1
4987,19,2,8,7,3,0
4988,18,6,9,4,2,1
4989,1,7,8,7,4,0
4990,18,7,9,4,4,1
4991,18,7,11,3,2,0
4992,18,5,11,8,2,0
4993,5,7,9,3,4,1
4994,9,7,10,2,4,1
4995,9,7,4,7,3,0
4996,9,4,7,7,3,0
4997,9,6,9,8,0,1
4998,9,7,11,7,2,0
4999,9,5,10,4,4,0
5000,18,6,9,6,2,1
5001,19,7,10,8,4,0
5002,5,5,9,2,4,1
5003,27,7,11,5,4,1
5004,18,7,5,7,3,0
5005,15,6,11,8,4,1
5006,19,6,10,4,4,0
5007,9,6,11,8,4,1
5008,15,6,9,8,4,1
5009,19,6,11,8,4,1
5010,15,6,9,8,4,1
5011,19,6,9,8,4,1
5012,18,6,10,2,4,0
5013,15,6,11,8,4,1
5014,10,6,11,4,4,1
5015,18,6,9,8,2,1
5016,15,6,2,8,4,0
5017,15,6,10,8,4,0
5018,19,6,9,7,2,1
5019,18,5,10,6,4,1
5020,1,5,9,5,4,1
5021,19,5,10,3,4,0
5022,19,5,11,5,4,1
5023,18,5,9,8,2,1
5024,15,5,10,2,2,1
5025,18,7,10,8,2,1
5026,27,5,11,8,4,0
5027,19,4,10,6,4,0
5028,19,7,11,4,4,1
5029,15,5,9,8,4,1
5030,19,4,10,6,4,0
5031,5,7,9,8,4,1
5032,9,7,11,1,2,1
5033,9,5,9,8,4,1
5034,18,5,11,8,4,0
5035,5,5,8,7,3,1
5036,18,7,5,7,3,0
5037,9,7,9,3,2,1
5038,9,6,7,7,3,0
5039,19,6,11,4,2,1
5040,10,7,11,6,4,1
5041,10,6,9,4,2,1
5042,19,6,11,4,2,1
5043,18,6,9,8,3,1
5044,18,6,9,7,2,1
5045,18,6,7,7,3,0
5046,27,6,9,8,2,1
5047,15,7,11,3,2,1
5048,15,6,9,8,4,1
5049,15,6,11,8,4,1
5050,15,6,9,8,4,1
5051,15,6,11,8,4,1
5052,9,6,11,5,2,0
5053,5,4,11,7,4,0
5054,19,7,6,7,3,0
5055,19,6,7,7,3,0
5056,27,2,11,7,2,0
5057,15,6,9,8,4,1
5058,15,6,9,8,4,1
5059,9,6,2,8,4,0
5060,19,7,9,4,4,1
5061,15,6,11,8,4,1
5062,15,6,11,8,4,1
5063,15,6,9,8,4,1
5064,5,4,11,7,4,0
5065,1,7,11,5,2,1
5066,15,5,9,8,4,1
5067,15,5,9,8,4,1
5068,9,5,11,5,2,1
5069,5,7,8,5,4,0
5070,5,7,10,5,2,0
5071,9,7,9,8,2,1
5072,27,7,11,6,4,0
5073,19,7,11,4,4,1
5074,5,7,9,8,4,1
5075,9,5,7,7,4,0
5076,9,4,3,7,1,0
5077,10,6,10,6,4,0
5078,14,7,11,8,4,1
5079,19,6,8,7,3,0
5080,19,6,3,7,3,1
5081,5,6,11,7,2,1
5082,9,7,10,4,2,1
5083,19,7,10,7,4,0
5084,18,7,6,7,3,0
5085,5,7,5,7,3,1
5086,18,5,11,8,2,0
5087,19,6,9,8,2,1
5088,19,6,9,5,4,1
5089,9,5,10,5,4,1
5090,19,5,3,7,3,0
5091,18,6,11,6,2,1
5092,18,6,10,6,4,0
5093,27,7,8,7,3,0
5094,18,7,8,7,3,0
5095,18,6,9,6,2,0
5096,15,6,9,8,4,1
5097,15,6,10,8,4,1
5098,15,6,10,8,4,1
5099,15,6,11,8,4,1
5100,19,5,7,7,4,0
5101,9,7,7,7,3,1
5102,18,5,4,7,3,0
5103,19,6,10,7,4,0
5104,9,6,9,4,2,1
5105,14,6,11,8,4,1
5106,19,7,2,7,3,0
5107,18,6,11,3,4,1
5108,0,6,9,8,2,1
5109,27,6,3,7,4,0
5110,15,6,9,8,4,1
5111,18,7,6,7,2,0
5112,18,5,11,8,4,1
5113,20,5,7,7,4,1
5114,19,5,10,8,4,1
5115,9,5,6,7,3,0
5116,19,7,10,6,4,0
5117,2,7,9,6,2,1
5118,18,5,7,7,3,0
5119,5,7,7,7,3,1
5120,18,7,4,7,3,1
5121,25,7,7,7,3,0
5122,27,7,4,7,3,1
5123,9,7,10,4,4,1
5124,18,7,9,5,2,1
5125,19,6,5,7,3,0
5126,25,2,4,6,3,0
5127,18,6,8,7,3,0
5128,19,6,9,4,4,1
5129,19,5,6,7,3,0
5130,18,7,10,8,4,0
5131,5,7,7,7,3,1
5132,19,6,7,7,3,0
5133,19,7,9,6,4,1
5134,27,5,4,7,4,1
5135,19,7,10,8,2,1
5136,19,7,11,6,4,1
5137,18,7,7,7,3,1
5138,27,5,9,5,4,1
5139,19,4,11,1,2,1
5140,15,6,10,8,4,1
5141,15,6,9,8,4,1
5142,27,6,11,8,4,1
5143,18,6,9,7,2,1
5144,5,6,10,5,4,1
5145,15,6,11,8,4,1
5146,15,6,9,8,4,1
5147,15,6,10,8,4,1
5148,15,6,11,8,4,1
5149,19,6,10,6,4,0
5150,15,6,9,8,4,1
5151,27,6,9,3,2,1
5152,14,6,11,8,4,1
5153,27,6,11,7,3,0
5154,15,6,9,8,4,1
5155,15,6,11,8,4,1
5156,18,6,11,6,4,1
5157,15,6,9,8,4,1
5158,18,6,9,8,4,1
5159,19,7,10,6,2,0
5160,27,7,10,3,4,1
5161,19,7,9,0,2,0
5162,15,7,11,1,4,1
5163,18,7,10,8,4,1
5164,19,7,9,8,2,0
5165,27,6,10,5,4,1
5166,5,4,11,7,4,0
5167,9,7,11,2,4,0
5168,18,7,6,7,3,0
5169,18,7,10,6,4,0
5170,27,6,9,6,3,1
5171,27,7,11,7,2,0
5172,5,7,6,7,3,0
5173,2,7,11,1,2,1
5174,15,6,7,7,3,1
5175,5,7,9,8,4,1
5176,9,6,5,7,3,0
5177,5,1,10,6,2,1
5178,18,7,9,4,2,1
5179,18,7,10,4,4,1
5180,15,6,11,8,4,1
5181,27,6,9,8,2,0
5182,14,6,11,8,4,1
5183,15,6,11,8,4,1
5184,15,6,9,8,4,1
5185,15,6,10,8,4,1
5186,27,6,11,4,4,0
5187,27,6,9,8,4,1
5188,27,6,11,2,4,0
5189,15,6,9,8,4,1
5190,14,6,11,8,4,1
5191,14,6,11,8,4,1
5192,15,6,9,8,4,1
5193,27,6,9,4,4,1
5194,15,6,11,8,4,1
5195,15,6,9,8,4,1
5196,15,6,10,8,4,1
5197,5,7,11,7,4,0
5198,19,7,10,3,4,0
5199,9,7,11,4,4,1
5200,27,5,10,8,4,1
5201,27,7,10,6,4,1
5202,19,6,10,6,4,0
5203,27,6,9,8,4,1
5204,18,7,11,5,4,1
5205,9,7,11,4,4,1
5206,19,6,8,7,3,0
5207,18,7,9,6,4,1
5208,19,7,7,7,3,1
5209,5,4,11,7,4,0
5210,5,4,11,1,2,1
5211,27,5,11,8,4,1
5212,27,6,8,7,3,1
5213,5,7,10,6,4,1
5214,9,6,11,5,2,0
5215,18,6,9,6,4,1
5216,9,6,10,6,4,1
5217,15,6,11,8,4,1
5218,20,6,9,8,2,0
5219,19,6,10,3,4,0
5220,14,6,11,8,4,1
5221,15,6,9,8,4,1
5222,15,6,11,8,4,1
5223,27,6,10,4,4,1
5224,15,6,9,8,4,1
5225,18,5,8,7,2,0
5226,9,6,5,7,3,1
5227,5,6,6,7,3,0
5228,27,5,10,6,4,0
5229,18,5,5,7,4,1
5230,19,5,10,6,4,0
5231,15,7,11,6,4,1
5232,18,5,10,5,4,0
5233,27,5,9,6,4,0
5234,9,5,11,8,4,1
5235,18,5,1,8,4,0
5236,27,5,6,7,3,0
5237,27,5,4,7,3,0
5238,20,5,8,7,4,0
5239,18,7,9,8,2,1
5240,18,7,8,7,3,1
5241,27,7,9,5,2,1
5242,27,7,9,4,4,1
5243,9,7,10,3,2,1
5244,27,7,7,7,3,1
5245,27,6,7,7,3,0
5246,10,7,4,7,3,1
5247,19,7,5,7,3,1
5248,5,5,11,2,4,1
5249,19,5,9,3,4,1
5250,15,6,10,8,4,1
5251,15,6,9,8,4,1
5252,15,6,11,8,4,1
5253,18,5,10,8,4,1
5254,9,7,9,8,4,1
5255,9,5,9,8,4,1
5256,27,7,10,8,4,1
5257,19,7,11,4,4,1
5258,18,6,0,8,4,0
5259,27,6,7,7,3,0
5260,27,5,9,8,4,1
5261,9,6,10,7,3,1
5262,19,5,11,2,4,1
5263,27,7,10,5,2,1
5264,27,1,9,6,2,0
5265,5,7,9,0,2,1
5266,27,7,9,5,2,1
5267,9,7,10,6,3,1
5268,19,7,9,3,3,1
5269,5,7,6,7,3,0
5270,19,5,8,7,2,0
5271,9,7,10,1,2,1
5272,25,4,8,7,3,1
5273,19,7,11,8,2,0
5274,27,1,9,6,3,1
5275,5,5,3,5,3,1
5276,19,2,4,7,3,0
5277,19,6,10,5,2,1
5278,18,6,11,6,2,0
5279,9,7,10,5,4,1
5280,27,6,10,4,2,0
5281,27,5,9,8,4,1
5282,21,7,9,4,4,0
5283,27,7,7,7,3,1
5284,27,5,10,8,4,1
5285,9,4,7,7,3,0
5286,15,6,9,8,4,1
5287,15,6,11,8,4,1
5288,18,7,9,4,4,1
5289,15,6,9,8,4,1
5290,9,5,9,4,4,1
5291,15,6,9,8,4,1
5292,15,7,10,8,4,1
5293,27,6,5,7,3,0
5294,27,7,9,8,4,1
5295,18,5,9,6,4,1
5296,27,6,11,7,2,0
5297,27,6,8,4,3,0
5298,27,7,10,8,4,1
5299,27,7,9,6,2,1
5300,5,7,10,4,4,0
5301,9,7,10,8,2,1
5302,9,7,10,0,2,1
5303,18,5,9,6,2,0
5304,18,5,9,2,2,1
5305,18,5,9,6,4,1
5306,9,5,9,6,4,0
5307,15,5,9,8,3,1
5308,18,5,10,6,4,1
5309,0,5,1,7,3,1
5310,15,3,11,8,4,1
5311,19,7,6,7,3,0
5312,9,7,11,1,2,1
5313,9,7,11,3,2,1
5314,15,5,10,8,2,1
5315,18,6,9,7,4,1
5316,15,6,11,8,4,1
5317,18,6,10,4,4,0
5318,27,6,11,6,2,0
5319,27,5,7,7,2,0
5320,20,4,4,7,4,0
5321,15,7,11,8,0,0
5322,15,7,11,4,2,1
5323,15,7,1,8,1,1
5324,19,6,11,5,2,1
5325,1,5,7,7,3,1
5326,18,7,4,7,3,1
5327,9,6,9,7,2,1
5328,27,7,7,7,3,1
5329,27,6,10,6,4,0
5330,9,6,10,6,4,0
5331,15,6,11,8,4,1
5332,15,6,9,8,4,1
5333,14,6,11,8,4,1
5334,15,6,11,8,4,1
5335,0,6,9,8,4,0
5336,14,6,11,8,4,1
5337,15,6,10,8,4,0
5338,15,6,9,8,4,1
5339,15,6,11,8,4,1
5340,0,6,9,8,4,1
5341,15,6,11,8,4,1
5342,15,6,11,8,4,1
5343,9,7,11,4,2,0
5344,18,7,9,4,2,0
5345,5,7,10,2,2,0
5346,18,7,11,1,2,1
5347,15,6,9,8,4,1
5348,9,6,11,6,4,1
5349,18,6,11,4,4,1
5350,18,7,10,1,2,1
5351,15,6,11,8,4,1
5352,19,6,11,8,4,0
5353,15,6,9,8,4,1
5354,15,6,6,7,3,0
5355,18,6,11,3,4,0
5356,5,7,3,7,3,0
5357,18,7,9,4,2,1
5358,26,6,9,4,2,0
5359,19,6,11,1,2,1
5360,20,7,11,1,2,0
5361,19,7,11,6,2,0
5362,15,6,11,8,4,1
5363,15,6,9,8,4,1
5364,19,6,11,7,4,1
5365,15,6,11,8,4,1
5366,15,6,10,8,4,1
5367,20,2,4,7,1,0
5368,9,7,10,3,2,1
5369,18,4,7,6,3,0
5370,5,7,9,5,2,1
5371,27,7,3,5,3,1
5372,1,6,5,7,3,1
5373,5,6,11,0,2,1
5374,10,7,11,4,2,0
5375,9,7,11,6,4,1
5376,20,7,9,8,4,1
5377,18,7,10,8,4,1
5378,15,3,10,8,4,1
5379,9,7,9,4,4,1
5380,27,6,11,8,2,0
5381,18,7,11,6,4,1
5382,19,6,10,6,2,1
5383,9,7,11,3,4,1
5384,18,7,6,7,3,1
5385,9,5,10,6,2,1
5386,27,5,6,7,3,1
5387,19,5,9,4,4,1
5388,15,5,11,8,4,1
5389,9,6,8,7,3,0
5390,27,7,11,6,2,1
5391,15,3,10,8,4,1
5392,15,7,9,0,2,1
5393,18,6,8,7,3,1
5394,9,7,8,7,3,1
5395,27,6,8,7,3,1
5396,5,7,11,6,2,1
5397,5,5,9,7,2,1
5398,18,5,11,4,4,1
5399,15,5,10,8,4,1
5400,18,7,9,0,4,0
5401,15,7,10,6,4,1
5402,18,7,7,0,2,0
5403,27,7,8,7,3,0
5404,18,7,11,8,4,1
5405,9,5,11,6,4,0
5406,19,5,7,7,4,1
5407,15,3,10,8,4,1
5408,5,6,11,6,2,1
5409,27,5,7,7,3,0
5410,19,7,11,8,4,0
5411,27,7,6,7,3,1
5412,15,7,11,8,4,1
5413,5,7,3,7,3,1
5414,15,7,10,2,4,1
5415,10,2,6,7,3,0
5416,19,6,5,4,2,0
5417,5,5,9,6,4,1
5418,19,5,11,3,4,1
5419,20,2,7,4,1,0
5420,19,7,11,5,2,1
5421,5,2,5,7,3,0
5422,9,6,4,7,3,0
5423,5,6,7,7,3,1
5424,19,6,5,7,3,0
5425,27,7,3,7,3,0
5426,19,7,9,8,4,1
5427,15,6,11,8,4,1
5428,15,6,11,8,4,1
5429,9,6,9,6,3,1
5430,15,6,11,8,4,1
5431,18,7,11,6,4,1
5432,27,7,11,5,4,1
5433,15,5,10,6,4,1
5434,18,6,7,7,3,0
5435,15,6,10,8,4,1
5436,15,7,6,7,3,1
5437,27,5,10,5,4,1
5438,15,3,11,8,4,1
5439,1,5,10,8,4,1
5440,1,5,11,8,4,1
5441,18,7,11,1,2,1
5442,0,7,10,8,2,1
5443,9,7,8,7,3,0
5444,27,5,10,6,4,1
5445,18,5,6,7,3,0
5446,27,7,11,5,3,1
5447,9,4,10,7,4,0
5448,19,4,8,7,3,0
5449,5,7,7,7,3,1
5450,18,6,10,6,4,0
5451,5,7,11,8,4,1
5452,9,4,3,4,1,0
5453,19,7,11,6,2,1
5454,18,7,6,7,3,1
5455,5,7,3,7,3,1
5456,27,7,10,3,2,1
5457,1,5,11,5,2,1
5458,15,7,6,7,3,1
5459,9,7,7,7,3,1
5460,9,7,10,5,2,1
5461,15,7,10,8,4,1
5462,10,4,3,4,1,0
5463,9,2,8,7,3,0
5464,19,7,6,7,3,0
5465,9,3,5,7,3,1
5466,5,3,7,7,3,1
5467,19,5,8,7,4,0
5468,19,6,11,5,2,0
5469,18,7,3,7,3,0
5470,9,6,11,6,2,1
5471,5,6,10,3,4,1
5472,15,6,10,8,4,1
5473,18,6,10,4,4,0
5474,15,6,11,8,4,1
5475,15,6,9,8,4,1
5476,15,6,10,8,4,1
5477,15,6,11,8,4,1
5478,19,6,10,8,4,0
5479,15,6,10,8,4,1
5480,9,7,11,3,2,1
5481,18,5,11,6,2,0
5482,9,7,6,7,3,0
5483,27,7,9,3,2,1
5484,15,3,10,8,4,1
5485,15,5,9,8,4,1
5486,9,5,11,3,2,1
5487,9,5,8,7,4,0
5488,19,5,4,7,3,0
5489,12,5,6,7,4,0
5490,2,7,11,3,4,1
5491,18,7,9,1,2,1
5492,18,7,10,7,2,1
5493,27,7,10,5,2,1
5494,19,7,10,5,2,1
5495,15,5,9,8,4,1
5496,10,7,10,4,2,1
5497,5,6,10,2,4,1
5498,9,6,10,6,4,0
5499,19,5,9,4,4,1
5500,18,4,5,7,3,0
5501,5,6,10,2,4,0
5502,9,4,3,4,1,0
5503,5,3,3,7,3,0
5504,18,7,9,6,4,1
5505,18,7,3,7,3,0
5506,15,6,9,8,4,1
5507,15,6,10,8,4,1
5508,18,7,10,6,4,0
5509,27,6,10,3,4,1
5510,15,6,9,8,4,1
5511,15,6,9,8,4,1
5512,14,6,11,8,4,1
5513,15,6,9,8,4,1
5514,14,6,11,8,4,1
5515,15,6,10,8,4,1
5516,27,6,7,7,3,0
5517,27,7,9,8,4,1
5518,18,5,11,6,4,1
5519,15,7,10,2,4,1
5520,5,6,10,8,4,0
5521,27,5,11,1,2,0
5522,19,6,5,7,3,0
5523,18,5,11,6,2,0
5524,9,7,9,3,2,1
5525,19,5,10,3,2,0
5526,15,7,6,7,3,1
5527,19,7,7,3,3,0
5528,9,6,6,7,3,0
5529,15,6,9,8,4,1
5530,15,6,9,8,4,1
5531,5,6,9,7,4,1
5532,15,6,9,8,4,1
5533,9,6,11,4,4,1
5534,15,6,9,7,4,1
5535,9,6,10,6,4,1
5536,15,6,9,8,4,1
5537,15,6,9,8,4,1
5538,9,6,10,7,4,0
5539,1,7,6,7,3,1
5540,18,6,6,7,3,0
5541,18,7,10,6,2,0
5542,20,7,9,8,2,1
5543,19,6,5,7,3,0
5544,19,7,8,7,3,1
5545,5,5,11,8,4,1
5546,9,5,9,8,4,1
5547,27,5,10,3,4,1
5548,0,7,9,1,3,1
5549,18,6,1,8,4,0
5550,27,5,9,8,4,0
5551,18,7,6,7,3,1
5552,18,7,7,7,3,0
5553,18,7,10,7,4,1
5554,9,7,3,7,3,0
5555,27,6,10,5,4,1
5556,27,7,10,5,4,1
5557,9,6,10,6,4,0
5558,18,6,10,7,4,0
5559,18,7,10,6,4,0
5560,5,7,11,5,4,1
5561,5,2,10,6,4,0
5562,5,3,6,7,3,1
5563,5,3,5,5,3,1
5564,19,3,8,7,3,0
5565,27,3,3,7,3,0
5566,27,5,9,6,4,1
5567,27,6,11,7,3,1
5568,15,7,10,4,4,1
5569,19,6,10,6,3,0
5570,15,7,10,8,3,1
5571,27,7,9,0,2,0
5572,9,5,10,7,3,0
5573,27,7,10,5,4,0
5574,27,7,9,8,2,1
5575,9,6,11,5,2,1
5576,27,6,9,8,2,1
5577,18,6,3,7,3,1
5578,27,6,11,7,2,1
5579,15,5,9,8,4,1
5580,27,6,9,5,4,0
5581,27,7,9,6,2,1
5582,5,6,11,0,2,0
5583,15,6,9,8,4,1
5584,20,7,11,7,3,0
5585,15,6,10,8,4,1
5586,15,6,10,8,4,1
5587,9,6,3,7,3,1
5588,15,6,10,8,4,1
5589,15,6,11,8,4,1
5590,15,6,10,8,4,1
5591,15,6,10,8,4,1
5592,15,6,9,8,4,1
5593,9,7,9,3,0,0
5594,5,5,11,7,4,0
5595,9,5,8,3,3,0
5596,5,5,8,7,4,1
5597,18,5,11,2,2,0
5598,18,4,11,6,2,1
5599,19,6,10,6,4,0
5600,19,4,4,7,4,1
5601,9,7,11,8,2,1
5602,19,6,6,7,3,1
5603,9,5,10,7,3,0
5604,9,2,3,7,3,0
5605,19,6,11,5,3,0
5606,18,5,3,7,3,0
5607,9,7,9,5,4,1
5608,9,7,9,4,2,0
5609,27,6,11,6,2,1
5610,19,7,10,5,2,0
5611,18,6,6,7,3,1
5612,18,6,5,7,3,1
5613,27,6,10,3,2,0
5614,15,6,11,8,4,1
5615,27,6,9,8,2,1
5616,18,6,9,8,2,1
5617,18,6,11,2,4,0
5618,18,6,10,5,4,1
5619,19,6,11,4,4,1
5620,27,6,7,7,3,0
5621,5,6,9,1,2,1
5622,27,6,5,7,3,0
5623,5,6,6,7,3,1
5624,19,6,11,6,2,0
5625,19,6,11,6,2,1
5626,18,6,11,1,0,0
5627,10,2,9,8,2,0
5628,15,5,10,8,4,1
5629,18,7,11,8,2,0
5630,18,7,11,4,2,0
5631,15,7,9,6,4,1
5632,10,7,5,7,3,1
5633,18,5,9,3,2,1
5634,15,6,10,8,4,1
5635,1,6,4,7,3,1
5636,15,6,11,8,4,1
5637,9,6,11,3,2,1
5638,15,6,9,8,4,1
5639,18,7,10,6,2,0
5640,18,6,10,7,4,0
5641,19,6,3,7,3,0
5642,0,6,9,5,4,1
5643,9,6,11,1,4,1
5644,15,6,9,8,4,1
5645,19,5,11,7,4,0
5646,18,7,9,8,2,1
5647,9,5,8,7,3,0
5648,25,7,10,8,2,1
5649,18,5,10,5,4,1
5650,18,7,8,7,3,1
5651,15,3,10,8,4,1
5652,15,3,10,8,4,1
5653,18,5,9,8,2,1
5654,19,5,10,8,2,1
5655,15,3,11,8,4,1
5656,27,5,9,8,2,1
5657,18,5,11,3,2,1
5658,18,5,9,6,4,1
5659,15,3,10,8,4,1
5660,15,5,11,8,4,1
5661,10,7,11,2,4,0
5662,18,5,9,4,4,0
5663,15,3,9,8,3,1
5664,18,3,11,8,4,1
5665,15,7,2,7,3,1
5666,15,7,10,4,4,1
5667,18,5,9,6,3,1
5668,18,7,11,6,4,0
5669,27,5,11,6,4,0
5670,27,5,4,7,3,0
5671,9,7,11,8,2,1
5672,27,5,11,8,4,0
5673,27,7,10,6,4,1
5674,18,5,9,8,4,1
5675,18,7,4,7,3,1
5676,27,7,8,7,3,0
5677,18,6,10,6,2,0
5678,9,6,7,7,3,0
5679,15,7,11,2,2,1
5680,18,5,11,4,2,1
5681,18,7,10,5,2,0
5682,18,7,11,6,2,1
5683,18,7,3,7,3,0
5684,19,7,6,7,3,1
5685,19,6,9,1,3,0
5686,18,7,7,7,3,1
5687,27,4,11,8,2,0
5688,27,5,9,3,3,0
5689,21,7,11,3,2,0
5690,27,4,11,8,2,0
5691,25,7,10,8,2,1
5692,15,6,10,8,4,1
5693,18,6,10,6,4,1
5694,9,3,7,7,3,1
5695,27,5,11,6,2,1
5696,1,7,9,8,2,1
5697,15,6,9,8,4,1
5698,1,6,7,7,4,0
5699,15,6,11,8,4,1
5700,27,6,9,5,2,1
5701,15,6,10,8,4,1
5702,15,6,11,8,4,1
5703,15,6,10,8,4,1
5704,5,5,6,7,3,1
5705,15,5,10,8,2,1
5706,19,7,11,3,2,1
5707,19,7,11,5,2,0
5708,18,7,6,7,3,0
5709,5,7,4,7,3,0
5710,19,5,10,5,2,0
5711,18,7,11,5,2,1
5712,19,7,10,8,2,0
5713,5,7,9,5,2,0
5714,10,7,10,5,2,1
5715,15,7,11,8,3,1
5716,5,3,7,7,3,1
5717,18,7,8,7,3,0
5718,18,7,11,6,2,1
5719,9,3,8,7,3,1
5720,21,7,10,3,3,0
5721,18,6,6,7,3,1
5722,27,7,9,2,2,0
5723,0,5,5,7,3,1
5724,27,5,10,7,3,1
5725,19,6,10,8,4,1
5726,15,7,9,4,3,1
5727,19,5,11,0,2,1
5728,10,7,11,6,3,0
5729,18,7,7,7,3,1
5730,18,6,9,6,2,1
5731,12,6,10,5,3,1
5732,27,6,9,6,2,1
5733,9,6,11,8,4,1
5734,15,6,10,8,4,1
5735,15,6,10,8,4,1
5736,0,5,10,6,4,1
5737,18,7,8,7,3,1
5738,27,6,10,7,3,0
5739,15,5,11,8,3,1
5740,9,6,10,5,3,1
5741,18,7,11,8,2,1
5742,5,7,10,4,2,1
5743,9,6,9,6,2,0
5744,15,6,11,8,4,1
5745,15,6,10,8,4,1
5746,15,6,10,8,4,1
5747,15,6,11,8,4,1
5748,15,6,10,8,4,1
5749,9,6,11,5,4,1
5750,0,7,10,8,3,1
5751,9,6,9,2,3,1
5752,5,7,4,7,3,1
5753,9,6,9,6,1,0
5754,15,5,10,4,3,1
5755,19,5,9,0,3,0
5756,27,5,6,7,3,1
5757,18,5,9,3,3,0
5758,1,7,2,7,3,1
5759,27,6,10,6,2,0
5760,0,5,9,8,2,1
5761,1,7,11,5,3,0
5762,19,6,10,6,4,0
5763,9,5,10,2,2,1
5764,0,7,11,8,3,1
5765,5,6,9,6,4,0
5766,10,7,11,3,2,1
5767,18,6,9,0,2,1
5768,18,7,9,8,2,1
5769,19,2,8,7,3,0
5770,19,7,5,7,3,0
5771,9,6,11,5,3,1
5772,18,6,9,7,4,1
5773,18,7,9,8,2,1
5774,9,6,9,6,2,0
5775,2,7,9,6,3,1
5776,19,7,9,4,3,1
5777,10,4,3,4,1,1
5778,19,7,11,5,3,0
5779,18,7,8,7,3,1
5780,0,6,11,2,4,0
5781,18,6,6,7,3,0
5782,19,6,9,6,2,1
5783,18,7,9,6,2,1
5784,1,7,11,6,3,0
5785,9,7,11,0,3,1
5786,19,7,7,7,3,0
5787,27,7,9,1,2,0
5788,18,6,10,5,3,1
5789,0,6,10,4,1,1
5790,0,6,9,6,2,1
5791,14,6,9,4,4,1
5792,0,6,11,2,1,1
5793,18,6,9,3,2,1
5794,19,6,10,4,4,1
5795,9,4,5,7,1,0
5796,21,6,11,0,2,0
5797,9,6,11,2,4,0
5798,18,6,11,8,4,1
5799,18,5,10,6,3,0
5800,20,5,11,7,3,1
5801,15,5,11,8,3,1
5802,15,5,11,8,3,1
5803,9,2,8,7,3,0
5804,9,2,8,6,3,0
5805,18,7,6,7,3,0
5806,19,7,7,7,3,1
5807,9,2,8,6,3,0
5808,9,2,8,6,3,0
5809,9,2,8,6,3,0
5810,9,2,8,6,3,0
5811,9,7,9,4,3,1
5812,9,4,6,6,4,0
5813,9,5,9,8,3,1
5814,9,6,10,6,4,0
5815,9,7,4,7,3,1
5816,9,4,11,6,2,0
5817,18,6,11,5,3,1
5818,18,5,10,7,3,0
5819,19,7,7,7,3,1
5820,9,7,11,3,3,1
5821,27,7,9,6,3,1
5822,18,6,8,6,4,0
5823,15,6,9,4,1,1
5824,15,6,11,8,4,1
5825,5,6,3,7,3,1
5826,19,7,10,8,3,1
5827,9,6,5,7,3,1
5828,5,7,11,4,2,1
5829,5,6,6,7,3,0
5830,10,6,10,5,2,1
5831,9,6,11,6,2,1
5832,5,7,9,6,2,1
5833,5,4,10,7,4,0
5834,5,4,10,7,4,0
5835,27,7,11,6,3,1
5836,18,7,11,5,3,0
5837,15,2,8,7,3,1
5838,5,7,10,5,3,1
5839,9,6,11,3,4,1
5840,27,3,7,7,3,1
5841,9,2,8,7,3,0
5842,18,6,10,8,4,0
5843,0,7,9,8,3,1
5844,19,7,9,2,3,1
5845,18,6,9,6,2,1
5846,18,7,10,8,3,1
5847,9,7,11,4,3,1
5848,18,7,11,8,3,1
5849,26,2,11,8,2,1
5850,9,2,8,7,3,0
5851,15,6,9,8,4,1
5852,14,6,11,4,4,1
5853,15,6,10,8,4,1
5854,14,6,10,8,4,1
5855,5,7,7,7,3,1
5856,18,5,8,7,3,0
5857,15,5,11,8,3,1
5858,9,5,9,7,2,1
5859,9,7,8,7,3,1
5860,18,7,9,6,3,1
5861,19,7,3,7,3,1
5862,18,5,10,7,3,0
5863,18,7,5,7,3,0
5864,18,7,11,3,3,0
5865,27,7,5,7,3,0
5866,19,7,7,5,3,0
5867,27,5,9,6,3,1
5868,9,7,6,7,3,1
5869,15,5,5,8,3,1
5870,18,6,10,7,3,0
5871,0,5,10,3,3,1
5872,27,2,6,7,3,0
5873,18,5,6,7,3,0
5874,9,7,11,1,2,0
5875,0,7,1,7,1,1
5876,18,7,11,4,2,0
5877,18,7,11,3,2,0
5878,18,5,10,5,3,0
5879,19,5,10,8,3,0
5880,19,2,8,7,3,0
5881,10,5,10,4,3,0
5882,19,4,6,7,3,0
5883,19,6,8,7,3,1
5884,18,6,3,7,3,1
5885,18,5,5,7,3,1
5886,15,5,4,7,3,1
5887,27,6,11,6,2,0
5888,15,6,7,8,4,1
5889,19,6,8,7,4,0
5890,18,6,8,6,4,0
5891,5,4,2,8,3,0
5892,5,6,6,7,3,1
5893,18,7,11,8,3,0
5894,18,6,7,7,3,1
5895,19,6,4,6,2,1
5896,19,5,6,7,3,0
5897,5,2,11,6,2,0
5898,9,5,9,2,3,1
5899,18,6,5,4,2,0
5900,18,6,7,6,4,1
5901,15,6,11,8,4,0
5902,9,6,6,7,4,1
5903,9,6,6,8,2,0
5904,19,6,7,3,3,1
5905,15,6,10,8,1,1
5906,15,5,9,8,3,1
5907,15,5,10,8,3,1
5908,15,5,9,8,3,1
5909,15,5,10,8,3,1
5910,15,5,11,8,3,1
5911,15,5,10,8,3,1
5912,15,5,9,8,3,1
5913,15,5,10,8,3,1
5914,18,5,10,8,3,1
5915,15,5,10,8,3,1
5916,15,5,9,8,3,1
5917,15,5,11,8,3,1
5918,15,5,10,8,3,1
5919,27,7,9,8,2,1
5920,15,5,11,8,3,1
5921,9,7,11,4,3,1
5922,15,5,9,8,2,1
5923,9,6,3,5,3,0
5924,19,7,7,7,3,1
5925,18,7,8,7,3,1
5926,18,6,11,8,3,0
5927,19,5,3,7,3,0
5928,18,7,11,8,2,0
5929,15,5,10,8,3,1
5930,18,7,5,7,3,1
5931,18,7,11,5,3,0
5932,27,3,9,7,3,1
5933,19,3,8,7,3,0
5934,18,7,10,5,3,1
5935,15,7,11,8,3,1
5936,18,6,5,6,3,1
5937,18,5,5,7,3,0
5938,18,7,10,5,3,0
5939,27,7,9,7,3,1
5940,10,7,7,7,3,1
5941,15,5,6,8,3,1
5942,9,7,4,8,3,1
5943,18,6,7,6,3,1
5944,5,7,9,7,2,1
5945,19,6,8,7,3,0
5946,5,6,11,7,4,1
5947,9,6,9,7,4,0
5948,15,6,3,8,4,1
5949,18,7,10,8,3,1
5950,15,6,3,8,4,1
5951,15,6,7,8,4,1
5952,15,6,5,7,4,1
5953,15,6,10,8,4,1
5954,9,6,3,7,4,0
5955,5,6,6,7,3,1
5956,18,7,11,8,3,0
5957,9,5,9,8,3,1
5958,15,5,10,8,3,1
5959,18,7,11,8,3,0
5960,18,5,10,6,3,1
5961,15,5,10,8,3,1
5962,15,5,5,8,3,1
5963,15,7,11,8,3,1
5964,15,7,11,1,3,1
5965,27,7,9,8,3,1
5966,1,7,11,8,3,1
5967,18,7,11,8,3,1
5968,18,7,10,8,3,0
5969,18,7,11,8,3,0
5970,18,5,7,8,2,0
5971,27,7,6,7,3,0
5972,18,5,10,4,3,0
5973,18,7,10,8,3,0
5974,15,6,11,8,4,1
5975,19,5,11,8,3,1
5976,15,7,11,8,3,1
5977,18,5,6,7,3,0
5978,18,7,10,4,2,1
5979,18,6,5,3,3,0
5980,9,7,11,8,3,1
5981,15,7,11,8,3,1
5982,18,6,10,7,4,1
5983,5,7,11,6,3,1
5984,15,7,10,8,3,1
5985,5,6,4,7,3,1
5986,15,5,10,2,3,1
5987,15,7,10,8,3,1
5988,25,2,7,6,3,0
5989,27,6,9,7,4,0
5990,19,7,11,4,3,1
5991,9,7,11,5,3,0
5992,5,6,10,8,4,0
5993,9,7,10,5,3,1
5994,15,7,10,8,3,1
5995,9,7,9,2,3,1
5996,18,7,10,8,3,1
5997,9,6,8,6,4,0
5998,15,6,4,8,4,1
5999,27,6,7,6,3,1
6000,18,5,7,7,3,0
6001,27,7,9,4,3,1
6002,9,5,6,7,3,1
6003,9,7,6,8,3,1
6004,27,7,9,6,2,1
6005,18,7,5,8,3,1
6006,9,7,6,8,2,1
6007,19,5,4,6,3,1
6008,15,6,7,8,4,1
6009,25,6,10,6,4,0
6010,5,6,5,7,4,0
6011,15,6,4,8,4,1
6012,19,7,8,4,3,0
6013,18,4,7,8,2,0
6014,19,2,8,7,3,0
6015,19,2,8,7,3,0
6016,25,2,8,7,3,0
6017,20,2,8,7,3,0
6018,18,7,7,7,3,1
6019,9,7,4,5,3,0
6020,18,5,5,7,3,1
6021,9,7,6,7,3,1
6022,15,5,10,8,3,1
6023,19,7,6,4,3,0
6024,18,5,7,7,3,1
6025,19,6,8,3,3,0
6026,9,5,6,8,3,1
6027,5,7,10,7,3,0
6028,9,6,6,6,2,1
6029,18,7,5,7,3,1
6030,9,6,6,7,4,0
6031,18,2,5,4,3,1
6032,9,6,6,4,3,0
6033,19,6,4,4,2,1
6034,19,7,4,7,3,0
6035,15,7,4,8,3,1
6036,9,7,6,6,3,1
6037,15,6,10,8,4,1
6038,18,6,5,6,4,1
6039,15,6,10,8,4,1
6040,15,6,8,4,4,1
6041,15,6,5,8,4,1
6042,27,5,9,6,3,1
6043,18,7,5,7,3,0
6044,18,7,7,8,3,1
6045,18,5,7,7,3,1
6046,18,5,7,8,3,0
6047,27,5,9,8,3,1
6048,15,3,6,8,3,1
6049,2,5,6,5,3,1
6050,18,7,5,5,3,1
6051,18,5,7,7,3,1
6052,9,5,4,5,3,1
6053,19,5,10,8,3,1
6054,19,7,8,4,3,1
6055,18,7,5,7,3,0
6056,27,2,9,5,2,0
6057,19,7,7,5,3,0
6058,19,5,4,6,3,0
6059,18,7,7,8,3,0
6060,18,7,6,2,3,1
6061,19,4,4,7,3,0
6062,19,4,4,7,3,0
6063,18,5,5,4,3,1
6064,18,7,7,6,3,1
6065,27,5,9,2,3,1
6066,5,4,11,7,3,0
6067,9,7,3,8,1,0
6068,9,3,6,7,3,1
6069,18,7,7,8,3,1
6070,19,2,8,7,3,0
6071,18,7,5,6,3,0
6072,15,5,10,8,3,1
6073,26,5,9,8,3,0
6074,9,6,6,7,3,1
6075,15,7,7,8,3,1
6076,9,7,6,7,3,1
6077,18,6,5,6,3,0
6078,15,6,11,8,4,1
6079,15,6,6,8,4,1
6080,15,6,8,8,4,1
6081,15,6,5,7,4,1
6082,18,6,4,7,4,1
6083,5,7,10,6,3,1
6084,27,7,9,8,3,1
6085,10,6,6,7,1,0
6086,15,6,10,8,4,1
6087,15,6,5,8,4,1
6088,5,3,11,8,3,1
6089,27,5,9,8,3,0
6090,18,7,5,4,3,1
6091,18,7,7,7,3,1
6092,5,7,10,5,3,1
6093,19,5,4,6,3,1
6094,5,7,10,5,3,1
6095,19,7,8,3,3,1
6096,5,7,11,3,3,1
6097,15,7,6,8,3,1
6098,27,7,9,8,3,1
6099,5,7,11,7,3,1
6100,19,4,8,7,3,0
6101,5,6,11,7,3,1
6102,20,7,4,7,3,1
6103,25,7,8,4,3,1
6104,19,7,8,4,3,0
6105,12,7,7,8,3,1
6106,12,5,4,8,3,1
6107,27,7,8,8,3,1
6108,19,7,4,7,3,1
6109,18,7,5,4,3,1
6110,15,5,4,8,3,1
6111,15,7,11,8,3,1
6112,9,7,3,4,3,0
6113,18,7,5,8,3,1
6114,5,7,10,8,3,1
6115,18,7,7,7,3,1
6116,19,5,8,3,3,1
6117,27,7,9,7,3,1
6118,5,4,11,7,3,0
6119,18,7,7,4,3,1
6120,9,5,6,6,2,0
6121,18,7,7,8,3,1
6122,9,6,6,7,4,0
6123,5,7,11,7,3,1
6124,18,7,7,8,3,1
6125,9,6,6,7,3,0
6126,19,6,8,5,3,0
6127,9,6,8,6,3,0
6128,9,6,4,7,3,1
6129,18,6,5,6,4,1
6130,15,6,10,8,4,1
6131,27,3,9,7,3,0
6132,9,6,6,7,4,0
6133,19,7,6,8,3,0
6134,15,6,9,8,4,1
6135,15,6,7,8,4,1
6136,1,6,8,8,3,1
6137,9,6,3,7,1,0
6138,10,7,6,8,3,0
6139,27,5,9,4,2,1
6140,18,5,5,7,3,1
6141,9,5,6,6,2,1
6142,15,5,11,8,3,1
6143,9,7,6,7,3,1
6144,27,7,9,7,3,1
6145,9,7,4,7,3,1
6146,19,5,4,7,3,0
6147,9,6,7,3,3,1
6148,19,7,8,7,3,0
6149,25,7,4,7,3,1
6150,9,5,6,8,3,1
6151,20,2,8,7,3,0
6152,10,2,7,0,1,0
6153,9,5,7,8,3,0
6154,18,6,7,7,3,0
6155,9,2,8,7,3,0
6156,27,6,9,8,4,1
6157,19,7,4,8,3,1
6158,27,7,9,7,3,0
6159,5,6,11,3,2,1
6160,9,6,11,6,3,0
6161,5,7,10,5,3,1
6162,18,7,7,8,3,1
6163,19,5,8,7,3,0
6164,26,7,9,8,3,0
6165,5,2,11,8,3,0
6166,5,6,11,7,3,1
6167,27,7,9,7,3,1
6168,27,3,9,7,3,1
6169,9,5,4,8,3,1
6170,9,7,6,7,3,1
6171,18,7,7,8,3,1
6172,0,7,10,7,3,1
6173,9,6,8,6,3,1
6174,9,6,4,3,1,0
6175,25,7,4,7,3,1
6176,5,3,11,7,3,1
6177,10,7,3,7,3,1
6178,5,6,11,6,2,0
6179,27,3,9,7,3,1
6180,9,3,4,7,3,1
6181,9,3,6,7,3,0
6182,19,7,8,4,3,1
6183,5,3,10,8,4,1
6184,15,6,6,8,4,1
6185,5,5,10,5,3,0
6186,9,6,6,7,3,1
6187,15,6,4,8,4,1
6188,15,6,8,8,4,1
6189,15,6,8,8,4,1
6190,15,6,5,8,4,1
6191,9,6,3,8,3,0
6192,18,5,5,5,3,0
6193,18,6,7,7,3,1
6194,18,6,5,7,4,0
6195,15,6,11,8,4,1
6196,15,6,10,8,4,1
6197,19,4,11,7,2,0
6198,9,6,6,6,2,1
6199,19,4,4,7,2,1
6200,18,7,5,3,3,1
6201,0,6,8,8,4,1
6202,15,6,7,8,4,1
6203,15,6,6,8,4,1
6204,15,6,10,8,4,1
6205,15,6,7,8,4,1
6206,15,6,5,8,4,1
6207,15,6,6,8,4,1
6208,15,6,11,8,4,1
6209,15,6,11,8,4,1
6210,15,6,6,8,4,1
6211,18,7,5,6,3,0
6212,15,6,8,8,4,1
6213,27,6,9,8,4,1
6214,26,6,9,7,4,0
6215,18,7,10,3,3,1
6216,9,5,6,7,3,0
6217,18,7,7,8,3,1
6218,5,4,10,8,4,0
6219,2,6,8,4,3,0
6220,5,6,10,7,4,1
6221,18,6,7,6,4,0
6222,18,6,7,6,3,1
6223,18,5,5,7,3,0
6224,9,5,6,3,3,1
6225,9,4,3,3,1,0
6226,18,7,7,7,3,0
6227,12,7,8,2,3,1
6228,20,2,4,7,1,0
6229,19,7,4,7,3,1
6230,18,7,7,7,3,1
6231,18,4,7,4,2,0
6232,18,7,7,7,3,0
6233,9,6,3,7,3,1
6234,18,4,7,8,2,0
6235,18,7,5,7,3,0
6236,9,7,3,8,3,1
6237,27,5,9,6,3,0
6238,9,6,7,5,3,1
6239,19,7,4,6,3,1
6240,27,2,9,8,3,1
6241,18,6,5,7,3,0
6242,5,5,10,7,3,0
6243,19,6,8,7,3,0
6244,18,7,7,7,3,0
6245,18,7,7,7,2,1
6246,5,7,10,6,3,1
6247,1,7,8,5,3,1
6248,19,2,8,7,3,0
6249,18,6,5,6,3,0
6250,9,6,3,7,3,0
6251,18,6,7,6,3,1
6252,5,7,11,7,3,0
6253,27,5,9,6,2,0
6254,9,7,6,7,3,1
6255,19,4,4,4,2,0
6256,19,7,8,7,3,0
6257,5,6,11,7,3,1
6258,18,7,5,7,3,0
6259,18,5,5,7,3,0
6260,9,7,3,7,2,1
6261,19,7,4,8,3,1
6262,18,7,5,5,3,0
6263,18,5,7,7,3,1
6264,18,5,7,8,3,0
6265,15,3,4,8,3,1
6266,5,5,10,7,3,1
6267,10,7,6,7,3,0
6268,9,7,3,7,3,1
6269,9,7,6,8,2,1
6270,18,5,5,3,3,1
6271,26,5,9,7,3,1
6272,9,7,6,7,3,0
6273,9,5,6,6,2,0
6274,18,5,5,3,3,1
6275,19,7,4,3,3,1
6276,18,5,5,7,3,0
6277,5,7,11,5,2,1
6278,18,5,10,7,3,1
6279,19,3,8,8,3,1
6280,15,3,7,8,3,1
6281,5,5,10,8,3,0
6282,19,7,8,8,3,0
6283,5,6,10,7,4,0
6284,9,6,3,7,3,1
6285,9,6,3,4,3,1
6286,27,3,9,7,3,1
6287,27,7,9,7,3,1
6288,9,6,7,7,3,1
6289,18,6,7,6,3,1
6290,0,5,4,8,3,1
6291,18,6,7,6,3,0
6292,19,2,6,5,1,0
6293,18,7,7,7,3,1
6294,19,6,4,3,1,0
6295,27,2,9,7,3,0
6296,15,6,7,8,4,1
6297,15,6,6,8,4,1
6298,15,6,8,8,4,1
6299,27,6,4,7,4,1
6300,15,6,10,8,4,1
6301,18,5,7,5,3,0
6302,19,6,4,7,2,1
6303,15,6,6,8,4,1
6304,18,7,7,6,3,0
6305,15,6,6,8,4,1
6306,15,6,7,8,4,1
6307,19,5,7,7,3,1
6308,19,5,8,4,3,1
6309,19,7,8,3,3,1
6310,18,5,7,4,3,1
6311,27,5,9,8,3,1
6312,1,5,7,2,2,1
6313,18,4,7,6,3,0
6314,19,7,4,8,3,1
6315,15,5,11,8,3,1
6316,9,5,7,5,3,1
6317,1,5,10,8,3,1
6318,27,7,9,6,3,0
6319,5,4,10,8,4,1
6320,18,7,5,7,3,0
6321,19,6,7,6,3,1
6322,18,6,5,4,3,1
6323,9,6,6,3,2,1
6324,18,3,7,7,3,1
6325,27,3,9,7,3,1
6326,18,6,5,6,3,0
6327,27,6,10,8,4,1
6328,18,6,8,5,4,1
6329,18,5,5,6,3,0
6330,19,7,10,3,3,1
6331,26,2,4,7,1,0
6332,27,2,4,7,3,0
6333,27,5,9,8,2,1
6334,18,5,5,6,3,1
6335,19,6,8,6,3,0
6336,27,3,9,7,3,1
6337,15,6,7,8,4,1
6338,15,6,8,8,4,1
6339,15,6,11,8,4,1
6340,9,6,4,8,4,1
6341,27,6,9,8,4,1
6342,15,6,10,8,4,1
6343,15,6,4,8,4,1
6344,9,7,5,7,3,0
6345,0,5,10,8,3,1
6346,9,5,6,7,3,1
6347,19,5,4,6,3,1
6348,9,7,3,6,3,0
6349,19,7,8,8,3,1
6350,19,7,4,8,3,1
6351,18,5,7,7,3,1
6352,5,5,5,7,3,1
6353,18,7,5,5,3,0
6354,19,7,8,3,3,1
6355,18,6,7,7,3,0
6356,27,6,10,6,4,1
6357,9,2,8,7,3,1
6358,9,7,6,8,3,0
6359,18,6,7,7,3,1
6360,19,7,4,8,3,1
6361,15,3,5,8,3,1
6362,18,7,7,2,3,0
6363,27,5,9,8,3,1
6364,19,7,4,4,3,1
6365,19,2,8,7,3,0
6366,19,7,8,4,3,0
6367,27,7,9,7,3,1
6368,19,5,4,8,3,1
6369,19,2,8,7,3,0
6370,9,3,7,7,3,1
6371,27,5,9,8,3,0
6372,18,7,5,4,3,1
6373,5,5,10,3,3,0
6374,27,3,9,8,3,0
6375,27,6,9,5,2,0
6376,18,6,7,7,3,1
6377,19,7,8,7,3,0
6378,9,7,6,7,3,1
6379,18,6,5,4,3,1
6380,5,7,11,5,3,1
6381,15,6,11,8,4,1
6382,15,6,6,8,4,1
6383,15,6,10,8,4,1
6384,27,6,9,7,2,0
6385,27,5,9,6,3,1
6386,27,7,9,6,3,1
6387,15,3,4,8,3,1
6388,18,5,8,7,3,0
6389,9,7,7,8,3,1
6390,27,7,9,8,3,1
6391,10,2,7,0,1,0
6392,9,5,6,6,3,0
6393,10,7,3,4,3,0
6394,19,7,4,4,3,1
6395,18,7,10,5,3,1
6396,19,2,8,7,3,1
6397,26,7,9,7,3,0
6398,19,5,8,5,3,0
6399,9,6,6,7,3,0
6400,19,2,8,7,3,0
6401,9,7,6,3,3,1
6402,19,7,8,6,3,0
6403,18,7,7,8,3,1
6404,19,6,8,5,3,1
6405,18,7,7,7,3,0
6406,9,7,3,7,3,1
6407,19,7,8,8,3,1
6408,18,5,7,8,3,1
6409,19,2,8,7,3,0
6410,19,6,4,3,2,1
6411,18,7,5,7,3,1
6412,27,7,10,7,3,0
6413,19,7,7,6,3,1
6414,27,2,9,7,4,0
6415,18,7,7,8,3,1
6416,5,7,10,5,3,1
6417,9,6,6,8,2,1
6418,19,6,3,7,3,0
6419,18,6,7,6,3,1
6420,18,7,5,8,3,0
6421,9,7,8,7,3,0
6422,1,6,11,8,3,1
6423,15,6,5,8,4,1
6424,19,6,4,7,4,1
6425,5,3,10,7,3,1
6426,18,7,7,7,3,0
6427,18,6,5,3,3,1
6428,9,6,3,6,3,1
6429,18,6,7,8,4,1
6430,15,6,10,8,4,1
6431,15,6,10,8,4,1
6432,27,6,9,8,4,1
6433,26,2,9,7,3,1
6434,27,6,9,7,3,0
6435,9,6,6,4,1,0
6436,9,6,6,7,3,1
6437,15,6,11,8,4,1
6438,15,6,10,8,4,1
6439,15,6,4,8,4,1
6440,18,5,5,7,3,1
6441,27,7,9,3,2,1
6442,27,2,9,8,4,1
6443,15,3,5,8,3,1
6444,10,7,3,8,3,1
6445,9,5,6,7,3,0
6446,19,7,4,5,3,0
6447,18,7,5,7,3,0
6448,18,7,7,8,3,1
6449,18,5,7,6,3,0
6450,0,5,4,8,3,1
6451,12,7,8,8,3,1
6452,18,7,7,5,3,1
6453,10,7,6,4,3,1
6454,19,6,4,7,3,0
6455,9,6,6,7,3,0
6456,9,7,11,5,3,0
6457,27,4,7,5,2,0
6458,18,7,7,7,3,0
6459,15,6,11,8,4,1
6460,15,6,11,8,4,1
6461,18,6,7,8,3,1
6462,27,7,9,4,3,0
6463,10,6,6,7,4,1
6464,9,7,6,7,3,0
6465,9,2,6,7,3,0
6466,27,2,9,8,2,0
6467,5,7,11,8,3,1
6468,18,2,5,3,2,0
6469,18,7,5,2,3,1
6470,9,5,6,7,3,0
6471,19,6,8,7,3,0
6472,15,7,8,4,3,1
6473,19,7,4,8,3,1
6474,27,2,9,7,3,0
6475,5,5,11,1,3,1
6476,18,7,7,7,3,1
6477,18,6,5,6,3,0
6478,9,6,6,7,3,1
6479,20,6,8,5,4,0
6480,18,7,5,7,3,1
6481,9,6,3,7,1,1
6482,27,5,9,7,3,1
6483,15,3,4,8,3,1
6484,19,7,5,7,3,1
6485,15,5,4,8,3,1
6486,27,5,9,7,3,1
6487,18,5,7,5,3,1
6488,1,7,11,8,3,1
6489,9,4,3,6,2,0
6490,18,5,7,8,3,1
6491,15,5,10,8,3,1
6492,15,5,10,5,3,1
6493,15,5,6,8,3,1
6494,18,7,7,7,3,1
6495,27,5,9,7,3,1
6496,27,1,9,7,3,0
6497,19,7,8,7,3,1
6498,19,5,8,7,3,0
6499,20,7,4,7,3,1
6500,18,5,5,7,3,1
6501,18,7,5,7,3,1
6502,19,7,8,7,3,1
6503,9,6,3,7,1,0
6504,27,2,5,7,3,0
6505,19,6,8,7,3,0
6506,27,7,9,6,3,1
6507,19,7,4,8,3,1
6508,9,7,4,5,3,1
6509,1,7,10,8,3,1
6510,10,6,6,3,4,1
6511,20,7,8,5,3,0
6512,5,7,11,5,3,1
6513,19,6,4,7,3,1
6514,25,7,6,7,3,0
6515,9,6,6,6,3,1
6516,18,7,5,7,3,0
6517,5,6,11,7,4,1
6518,0,6,8,8,4,0
6519,10,6,6,7,3,1
6520,27,6,9,6,3,0
6521,15,6,7,4,4,1
6522,15,6,6,8,4,1
6523,9,6,6,7,3,0
6524,9,6,6,7,4,1
6525,9,6,6,6,4,0
6526,15,6,8,8,4,1
6527,15,6,10,8,4,1
6528,19,5,8,7,3,0
6529,27,5,9,7,3,0
6530,25,5,8,7,3,1
6531,18,5,7,4,3,0
6532,15,3,5,8,3,1
6533,15,3,7,8,3,1
6534,9,5,6,7,3,0
6535,12,5,7,4,3,1
6536,15,5,5,8,3,1
6537,5,7,11,1,3,0
6538,5,6,11,7,3,1
6539,19,7,8,7,3,0
6540,18,5,7,7,3,1
6541,27,5,9,6,3,1
6542,20,2,7,7,3,0
6543,18,7,5,7,3,1
6544,27,3,9,7,3,1
6545,5,7,10,4,3,1
6546,19,4,4,7,3,0
6547,1,6,5,7,3,1
6548,18,6,7,7,3,1
6549,9,6,6,7,3,0
6550,19,7,4,4,3,1
6551,19,6,8,5,3,0
6552,27,5,9,6,3,0
6553,27,7,9,6,3,0
6554,5,3,10,7,3,1
6555,27,7,9,8,3,1
6556,9,7,6,6,3,0
6557,19,5,4,8,3,1
6558,1,7,8,8,3,1
6559,9,6,6,7,3,1
6560,15,6,8,8,4,1
6561,15,6,8,8,4,1
6562,18,7,7,6,3,1
6563,18,7,7,8,3,1
6564,19,2,8,7,3,0
6565,9,6,3,7,1,1
6566,15,6,7,8,4,1
6567,27,6,11,7,4,1
6568,15,6,6,8,4,1
6569,18,6,5,4,4,1
6570,15,6,10,8,4,1
6571,20,5,8,7,3,1
6572,18,5,6,6,3,0
6573,1,5,10,8,3,1
6574,9,6,6,7,3,1
6575,18,6,7,7,3,1
6576,5,6,10,7,4,0
6577,15,7,8,8,3,1
6578,18,7,7,7,3,0
6579,19,7,8,8,3,0
6580,9,6,6,6,2,1
6581,9,6,6,3,3,1
6582,21,6,10,8,4,1
6583,10,7,4,8,3,1
6584,19,5,8,5,3,1
6585,5,5,10,7,3,1
6586,27,7,9,6,3,0
6587,18,6,5,7,4,1
6588,27,6,10,8,4,0
6589,19,6,8,7,3,1
6590,19,6,10,7,4,1
6591,5,7,11,6,3,1
6592,9,7,6,5,2,0
6593,18,6,7,6,1,0
6594,9,6,6,6,4,0
6595,5,3,11,6,3,1
6596,15,6,3,8,4,1
6597,19,6,8,7,3,0
6598,18,3,7,7,3,1
6599,18,3,5,7,3,1
6600,18,2,5,7,3,1
6601,15,6,8,8,4,0
6602,15,6,5,8,4,1
6603,27,2,9,8,4,1
6604,15,6,4,8,4,1
6605,18,7,7,7,3,0
6606,18,7,11,7,3,1
6607,5,7,10,8,3,1
6608,27,5,9,7,3,0
6609,15,5,11,8,3,1
6610,27,5,9,5,3,1
6611,27,5,10,6,3,1
6612,19,7,8,8,3,1
6613,9,6,3,4,2,1
6614,9,6,6,5,4,1
6615,5,4,11,6,2,0
6616,27,6,9,8,3,1
6617,18,7,4,7,3,1
6618,15,5,7,8,3,1
6619,9,6,6,5,1,1
6620,9,5,3,8,3,1
6621,19,5,4,3,2,0
6622,19,6,8,7,3,0
6623,9,6,3,5,3,0
6624,19,6,8,3,3,1
6625,19,5,8,8,3,1
6626,19,2,8,7,3,0
6627,9,6,6,7,3,1
6628,9,6,6,7,3,0
6629,10,7,3,5,3,0
6630,18,6,5,4,3,1
6631,15,6,8,8,4,1
6632,15,6,10,8,4,1
6633,15,6,4,8,4,1
6634,9,6,4,7,3,0
6635,18,7,7,8,3,0
6636,9,7,6,7,3,1
6637,9,7,6,4,3,1
6638,5,6,10,6,4,1
6639,9,3,6,7,3,1
6640,9,3,3,7,3,0
6641,18,6,5,8,3,0
6642,19,5,8,5,3,1
6643,19,6,4,4,4,1
6644,19,5,8,8,3,1
6645,12,7,7,8,3,1
6646,15,6,8,8,4,1
6647,19,6,4,8,4,1
6648,15,6,6,8,4,1
6649,15,6,5,8,4,1
6650,19,6,8,7,4,1
6651,19,6,8,7,3,1
6652,19,7,8,7,3,0
6653,15,6,6,8,4,1
6654,18,6,7,8,4,0
6655,19,7,4,8,3,1
6656,5,5,11,4,3,0
6657,19,5,4,8,3,1
6658,18,5,5,7,3,1
6659,9,7,6,7,3,0
6660,18,7,7,4,3,1
6661,10,7,3,6,3,0
6662,5,7,10,5,3,1
6663,18,7,7,8,3,1
6664,19,7,4,3,1,0
6665,20,7,8,7,3,0
6666,19,7,4,8,3,1
6667,19,6,8,4,4,1
6668,9,6,6,5,4,1
6669,5,6,10,5,4,1
6670,18,7,7,7,3,0
6671,9,7,7,7,3,1
6672,19,6,4,7,3,0
6673,19,6,8,4,4,1
6674,18,5,7,7,3,1
6675,18,7,5,4,3,0
6676,19,7,4,3,3,1
6677,9,7,6,5,3,1
6678,18,5,7,8,3,0
6679,27,4,4,8,2,0
6680,18,6,5,7,3,1
6681,15,3,10,8,3,1
6682,19,7,4,8,3,1
6683,27,7,9,7,3,0
6684,19,2,8,6,3,1
6685,1,7,10,4,3,1
6686,19,7,8,7,3,0
6687,9,6,3,7,1,0
6688,18,7,7,8,3,0
6689,9,7,6,7,3,0
6690,9,7,3,7,3,1
6691,9,7,3,4,3,1
6692,19,7,4,5,3,1
6693,19,2,8,7,3,1
6694,18,7,5,5,3,0
6695,19,2,8,4,3,0
6696,19,7,8,7,3,0
6697,25,5,4,7,3,1
6698,5,6,11,7,3,1
6699,18,6,5,7,3,0
6700,15,6,7,8,4,1
6701,15,6,4,8,4,1
6702,9,2,8,7,3,0
6703,15,6,8,8,4,1
6704,9,6,11,7,4,1
6705,19,2,8,7,3,0
6706,18,6,7,7,4,1
6707,19,6,8,7,3,0
6708,15,6,3,8,4,1
6709,9,6,3,6,3,1
6710,15,6,9,8,4,1
6711,9,6,3,7,3,0
6712,15,3,7,8,3,1
6713,15,3,4,8,3,1
6714,9,6,3,7,3,0
6715,18,7,5,4,3,0
6716,9,6,3,7,3,0
6717,18,7,7,5,3,0
6718,15,7,6,8,3,1
6719,10,2,6,8,4,0
6720,18,7,5,7,3,0
6721,18,7,8,3,3,1
6722,18,6,8,6,3,0
6723,9,6,7,7,3,0
6724,19,7,8,8,3,1
6725,19,7,4,5,3,1
6726,27,5,9,8,3,0
6727,5,7,11,8,3,1
6728,19,2,8,7,3,0
6729,10,7,6,7,3,1
6730,1,7,11,6,3,1
6731,27,6,9,7,4,1
6732,19,2,8,7,3,0
6733,27,6,11,8,4,0
6734,18,6,7,5,3,1
6735,18,6,7,7,3,0
6736,18,6,5,4,4,1
6737,5,6,10,7,4,0
6738,15,6,7,8,4,1
6739,18,6,7,4,2,1
6740,15,6,3,8,4,1
6741,18,6,7,6,4,1
6742,9,6,6,7,3,0
6743,9,6,6,7,4,1
6744,15,6,4,8,4,1
6745,9,6,6,6,1,0
6746,15,6,6,8,4,1
6747,15,6,10,8,4,1
6748,15,6,5,8,4,1
6749,9,6,6,6,4,1
6750,1,5,11,8,3,1
6751,19,5,8,7,3,1
6752,19,5,7,7,3,1
6753,19,7,4,8,3,1
6754,9,7,7,8,3,1
6755,9,6,6,8,3,1
6756,19,2,8,4,3,0
6757,18,7,7,7,3,1
6758,5,6,10,7,4,1
6759,27,7,9,5,3,0
6760,19,7,8,7,3,0
6761,5,7,11,2,3,1
6762,19,6,4,5,3,0
6763,18,5,5,3,3,0
6764,19,6,8,7,3,0
6765,19,7,8,4,3,0
6766,19,7,4,4,3,1
6767,19,7,8,6,3,0
6768,9,7,7,8,3,1
6769,19,6,8,7,3,0
6770,9,3,6,7,3,0
6771,18,7,5,6,3,1
6772,21,7,10,8,3,1
6773,19,1,11,1,3,0
6774,9,7,4,8,3,1
6775,27,6,9,6,4,1
6776,5,6,10,5,4,1
6777,15,6,11,8,4,1
6778,27,6,9,6,3,0
6779,19,6,10,4,4,0
6780,15,6,8,8,4,1
6781,15,6,4,8,4,1
6782,15,6,7,8,4,1
6783,15,3,5,8,3,1
6784,15,6,5,8,4,1
6785,15,6,8,8,4,1
6786,18,6,5,7,4,1
6787,15,6,8,8,4,1
6788,15,6,7,8,4,1
6789,15,6,10,8,4,0
6790,18,6,7,8,4,1
6791,18,6,7,4,3,1
6792,19,6,4,3,4,1
6793,15,6,6,8,4,1
6794,15,6,4,8,4,1
6795,9,6,3,7,3,0
6796,15,6,10,8,4,1
6797,15,6,5,5,4,1
6798,15,6,11,8,4,1
6799,5,6,10,8,4,1
6800,15,6,9,8,4,1
6801,9,6,3,6,3,1
6802,15,6,9,8,4,1
6803,15,6,8,8,4,1
6804,15,6,4,8,4,1
6805,5,5,10,5,3,1
6806,18,5,6,5,3,1
6807,15,3,4,8,3,1
6808,18,5,7,8,3,1
6809,19,5,4,7,3,1
6810,18,5,5,7,3,0
6811,18,7,3,6,3,1
6812,27,7,10,6,2,0
6813,15,3,5,8,3,1
6814,27,7,9,5,3,0
6815,18,5,5,3,3,0
6816,18,7,7,8,3,1
6817,18,5,7,7,3,1
6818,5,7,11,8,3,0
6819,10,7,7,3,3,0
6820,5,5,10,7,3,1
6821,9,6,3,7,3,0
6822,9,6,3,6,3,0
6823,5,7,10,8,3,1
6824,5,7,11,8,3,1
6825,15,3,8,8,3,1
6826,1,5,6,7,3,0
6827,19,5,8,8,3,1
6828,18,5,7,8,3,1
6829,15,3,10,8,3,1
6830,18,5,5,8,3,1
6831,9,5,6,8,3,1
6832,18,5,8,8,3,1
6833,15,3,11,8,3,1
6834,18,7,7,7,3,1
6835,19,7,5,7,3,1
6836,19,7,4,5,3,1
6837,15,5,5,8,3,1
6838,18,7,7,4,3,1
6839,19,7,4,4,3,1
6840,25,6,8,7,3,1
6841,19,6,8,7,3,0
6842,15,6,7,8,4,1
6843,18,6,5,2,4,0
6844,18,6,5,7,4,1
6845,18,6,7,7,3,1
6846,9,5,6,8,3,1
6847,15,6,3,8,4,1
6848,18,6,5,7,4,0
6849,15,6,11,8,4,1
6850,19,6,7,7,2,0
6851,15,6,8,8,4,1
6852,15,6,4,8,4,1
6853,10,7,8,2,3,0
6854,15,6,7,8,4,1
6855,5,3,11,7,3,1
6856,9,3,6,7,3,1
6857,19,6,8,7,3,0
6858,18,7,5,6,3,0
6859,12,2,4,7,1,0
6860,19,7,7,3,3,1
6861,19,7,8,5,3,0
6862,27,2,9,7,2,1
6863,27,4,11,7,3,0
6864,25,7,8,6,3,1
6865,18,6,5,7,3,0
6866,19,6,8,7,4,1
6867,9,6,6,8,4,1
6868,9,6,3,7,1,0
6869,9,6,6,7,3,0
6870,15,6,3,8,4,1
6871,15,6,5,4,4,1
6872,15,6,2,8,4,0
6873,18,6,5,5,4,0
6874,9,6,5,4,4,1
6875,15,6,8,8,4,1
6876,15,6,10,8,4,1
6877,9,7,6,5,3,1
6878,15,6,8,8,4,1
6879,19,6,11,8,4,1
6880,18,4,7,8,2,1
6881,5,6,10,7,4,0
6882,9,7,6,8,3,1
6883,9,7,6,8,3,1
6884,19,5,4,8,3,0
6885,18,5,5,6,3,0
6886,5,6,10,8,3,0
6887,18,7,5,6,3,1
6888,18,7,7,1,3,1
6889,9,7,7,7,3,1
6890,15,5,6,8,3,0
6891,27,7,9,6,3,1
6892,12,2,4,7,1,0
6893,9,7,3,5,3,1
6894,9,4,3,7,3,0
6895,9,4,3,7,3,0
6896,19,2,8,7,3,1
6897,9,5,6,4,3,1
6898,19,6,4,8,2,0
6899,20,7,2,7,3,1
6900,19,5,8,7,3,0
6901,19,7,8,5,3,0
6902,18,7,7,7,3,1
6903,9,7,3,8,3,1
6904,18,5,5,7,3,0
6905,27,2,9,7,4,0
6906,18,4,7,4,2,0
6907,27,7,9,6,3,0
6908,19,7,8,4,3,0
6909,18,7,5,7,3,1
6910,18,6,6,6,3,1
6911,5,7,11,7,3,0
6912,9,7,6,5,3,1
6913,20,7,8,8,3,1
6914,18,7,5,6,3,1
6915,5,7,10,7,3,0
6916,19,7,8,6,3,0
6917,18,7,7,8,2,1
6918,15,7,3,8,3,1
6919,27,7,9,7,3,1
6920,19,7,8,6,3,1
6921,18,5,6,7,3,1
6922,19,6,4,7,3,0
6923,19,7,8,4,2,0
6924,18,5,7,8,3,0
6925,15,5,6,4,3,1
6926,18,7,5,4,3,1
6927,21,4,11,6,3,0
6928,18,6,5,7,3,1
6929,5,5,10,8,3,1
6930,18,6,5,6,3,0
6931,18,4,11,7,3,1
6932,15,3,6,8,3,1
6933,15,7,7,7,1,1
6934,9,7,9,4,3,0
6935,5,7,10,4,3,1
6936,18,7,7,6,3,0
6937,5,3,10,5,4,0
6938,15,2,8,8,3,1
6939,19,2,4,6,2,0
6940,19,5,8,7,3,1
6941,20,7,8,8,3,1
6942,27,7,9,8,3,0
6943,18,6,5,3,2,1
6944,9,5,4,6,3,1
6945,27,7,9,1,2,0
6946,18,7,5,7,3,0
6947,18,7,5,5,3,0
6948,21,6,10,7,4,0
6949,21,6,10,7,4,0
6950,5,7,10,5,3,1
6951,21,6,10,7,4,0
6952,21,6,10,7,4,0
6953,18,7,1,7,3,1
6954,27,7,9,6,3,0
6955,19,6,8,7,3,1
6956,1,5,6,6,3,1
6957,5,7,11,8,1,0
6958,27,7,9,6,3,1
6959,18,7,5,6,3,1
6960,27,7,9,8,3,1
6961,19,7,8,7,3,1
6962,5,6,10,7,4,0
6963,18,7,5,7,3,1
6964,18,7,5,7,3,1
6965,18,5,5,6,3,1
6966,9,7,6,4,3,0
6967,27,7,9,6,3,0
6968,19,5,11,4,3,1
6969,18,7,5,7,3,1
6970,18,5,5,6,3,0
6971,19,5,4,6,3,1
6972,19,5,8,2,3,1
6973,18,7,5,7,3,0
6974,19,7,4,7,3,1
6975,9,7,6,7,3,0
6976,27,7,9,6,3,1
6977,9,6,10,7,4,0
6978,19,7,8,7,3,0
6979,18,7,5,8,2,0
6980,19,2,8,4,3,0
6981,18,6,10,5,3,1
6982,18,7,7,7,3,1
6983,18,7,7,4,3,1
6984,19,7,8,6,3,0
6985,18,7,5,7,3,1
6986,21,4,11,7,3,0
6987,9,7,3,4,3,0
6988,19,6,8,7,3,0
6989,19,7,8,4,3,1
6990,19,7,8,8,3,1
6991,21,1,10,6,4,1
6992,21,1,10,6,4,1
6993,18,7,5,7,3,1
6994,15,3,7,8,3,1
6995,18,7,5,6,3,1
6996,27,7,9,6,3,0
6997,5,5,10,6,3,0
6998,15,3,10,8,3,1
6999,10,7,6,8,3,0
7000,9,5,3,5,3,0
7001,15,3,10,8,3,1
7002,25,6,8,7,3,0
7003,9,4,3,7,1,0
7004,9,7,3,7,3,0
7005,27,5,7,6,3,1
7006,15,3,6,8,3,1
7007,15,6,4,8,4,1
7008,15,6,7,8,4,1
7009,15,6,11,8,4,0
7010,15,6,5,7,4,1
7011,15,6,6,8,4,1
7012,15,3,6,8,3,1
7013,19,3,8,7,3,1
7014,5,5,10,8,3,1
7015,27,5,11,8,3,1
7016,10,5,6,6,3,1
7017,19,7,8,7,3,0
7018,27,5,9,6,3,0
7019,15,3,5,8,3,1
7020,18,7,7,6,3,0
7021,5,5,10,8,3,1
7022,27,6,9,8,1,1
7023,19,7,8,8,3,1
7024,18,5,5,7,3,0
7025,27,6,10,6,4,1
7026,9,7,6,6,3,1
7027,5,5,10,2,3,1
7028,25,7,8,8,3,1
7029,27,7,9,8,3,0
7030,18,6,5,7,3,1
7031,19,5,4,6,3,1
7032,9,7,6,8,2,0
7033,27,5,11,2,3,1
7034,20,7,11,5,3,0
7035,10,2,3,7,3,0
7036,5,3,11,5,3,1
7037,26,7,9,5,3,1
7038,18,6,5,6,3,1
7039,9,7,3,6,3,1
7040,19,5,4,3,2,1
7041,5,7,10,5,3,0
7042,18,6,5,7,3,1
7043,18,5,7,6,3,0
7044,10,7,6,0,2,0
7045,18,6,5,7,3,1
7046,5,2,10,5,4,0
7047,5,7,10,5,3,1
7048,19,2,8,7,3,0
7049,9,2,8,7,3,0
7050,15,3,11,8,2,1
7051,18,2,7,7,3,1
7052,19,6,4,7,3,0
7053,27,3,11,7,3,1
7054,21,6,10,8,4,0
7055,5,6,11,4,4,1
7056,15,6,6,8,4,1
7057,19,6,8,7,4,1
7058,18,7,7,6,3,1
7059,9,7,6,6,3,1
7060,5,7,11,2,3,1
7061,19,7,4,8,3,1
7062,19,6,4,6,4,0
7063,9,6,4,6,3,1
7064,9,6,6,6,3,0
7065,18,6,7,8,4,1
7066,15,6,3,8,3,1
7067,15,6,7,8,4,1
7068,1,5,5,8,3,1
7069,18,7,5,4,3,1
7070,18,5,5,8,3,1
7071,15,2,10,8,3,1
7072,18,7,5,4,3,1
7073,19,5,8,3,3,0
7074,5,7,10,2,3,1
7075,19,5,4,8,3,1
7076,27,5,11,7,3,0
7077,0,7,7,5,3,1
7078,19,5,8,7,3,0
7079,5,7,10,8,3,1
7080,18,7,7,6,3,1
7081,19,7,4,3,3,1
7082,21,7,11,8,3,1
7083,19,7,11,7,3,0
7084,19,7,8,7,3,1
7085,9,7,6,8,3,1
7086,15,7,5,6,3,1
7087,15,5,4,8,3,1
7088,15,5,4,8,3,1
7089,9,7,3,7,3,1
7090,5,7,10,4,3,1
7091,18,6,11,7,3,1
7092,27,7,11,7,3,1
7093,18,5,7,3,2,1
7094,19,7,4,7,3,0
7095,19,6,5,6,3,1
7096,18,2,11,1,3,0
7097,21,1,11,7,3,1
7098,21,1,10,7,3,1
7099,21,2,11,7,3,1
7100,27,3,9,7,3,0
7101,27,6,11,7,3,1
7102,18,6,7,7,3,1
7103,18,5,7,6,3,1
7104,18,7,5,8,3,1
7105,25,4,7,7,1,0
7106,15,6,11,8,4,1
7107,15,6,4,8,4,1
7108,5,6,10,5,3,1
7109,15,6,11,8,4,1
7110,15,6,4,8,4,1
7111,15,6,3,8,4,1
7112,1,5,7,6,3,1
7113,9,5,6,8,3,1
7114,15,6,4,8,4,1
7115,9,6,6,7,4,1
7116,27,5,7,7,3,1
7117,15,5,10,8,3,1
7118,18,5,5,7,3,1
7119,5,7,10,8,3,1
7120,9,7,3,8,3,0
7121,15,5,6,8,3,1
7122,15,2,10,8,3,1
7123,15,5,7,8,3,1
7124,15,5,10,8,3,1
7125,15,7,4,8,3,1
7126,19,2,11,7,3,0
7127,21,2,11,7,3,0
7128,15,5,7,8,3,1
7129,18,7,11,6,3,0
7130,9,7,3,6,3,1
7131,15,5,6,8,3,1
7132,15,7,10,2,3,1
7133,21,7,10,8,3,1
7134,21,6,8,4,3,1
7135,27,6,9,7,3,0
7136,9,4,3,7,3,0
7137,18,7,5,3,3,1
7138,1,7,7,7,3,1
7139,19,2,11,7,3,1
7140,18,6,8,6,3,0
7141,18,7,5,8,3,1
7142,9,7,3,5,3,1
7143,5,7,10,8,3,1
7144,18,5,7,7,3,0
7145,5,7,11,8,3,1
7146,19,6,8,6,3,0
7147,9,7,6,8,2,1
7148,18,7,7,7,3,1
7149,19,6,5,6,3,0
7150,5,5,11,4,3,0
7151,1,7,5,6,3,1
7152,19,1,11,7,3,1
7153,21,1,10,7,4,1
7154,19,7,8,6,3,0
7155,15,6,4,8,4,1
7156,15,6,8,4,4,1
7157,10,6,8,2,4,1
7158,10,6,6,5,2,1
7159,19,6,8,7,3,0
7160,19,6,2,4,3,1
7161,27,3,9,7,3,1
7162,19,5,4,8,2,1
7163,19,5,11,7,3,0
7164,27,5,9,6,3,1
7165,15,3,7,8,3,1
7166,15,5,6,8,3,1
7167,15,5,11,8,3,1
7168,15,5,5,8,3,1
7169,15,5,7,8,3,1
7170,15,5,5,8,3,1
7171,9,5,11,5,3,1
7172,5,5,10,6,3,0
7173,5,7,10,7,3,0
7174,25,5,7,8,3,1
7175,5,5,11,7,3,1
7176,18,7,6,5,3,1
7177,15,3,4,8,3,1
7178,19,7,3,4,3,0
7179,18,7,5,7,3,0
7180,5,7,8,2,3,1
7181,18,5,10,3,3,1
7182,15,3,11,8,3,1
7183,5,7,11,8,3,1
7184,15,3,11,8,3,1
7185,15,7,4,7,3,1
7186,18,5,4,7,3,0
7187,10,7,8,8,3,1
7188,19,7,7,7,3,1
7189,19,7,4,4,3,1
7190,5,3,10,7,3,1
7191,27,7,9,6,3,0
7192,9,7,3,4,3,0
7193,18,5,7,6,3,1
7194,10,6,6,7,3,1
7195,5,7,11,7,3,0
7196,18,7,5,4,2,0
7197,18,7,5,8,2,1
7198,5,7,11,4,3,1
7199,19,7,9,8,3,0
7200,9,7,9,6,3,0
7201,10,5,7,8,3,0
7202,9,5,8,7,3,0
7203,27,5,9,5,3,1
7204,18,7,2,6,3,1
7205,18,7,7,7,3,1
7206,19,7,7,8,3,1
7207,9,7,3,6,3,1
7208,19,7,7,4,3,1
7209,9,7,6,3,3,1
7210,21,1,10,3,4,1
7211,18,6,5,8,4,1
7212,9,6,5,8,4,1
7213,25,7,6,5,3,0
7214,27,6,11,8,4,1
7215,5,7,11,5,3,1
7216,18,7,7,4,3,1
7217,25,5,7,6,3,0
7218,18,5,7,7,3,1
7219,15,3,2,8,3,1
7220,15,2,11,8,3,1
7221,19,7,10,8,3,1
7222,15,7,5,6,3,1
7223,18,7,5,6,2,1
7224,19,5,11,7,3,0
7225,15,5,7,8,3,1
7226,9,7,3,7,3,0
7227,10,6,6,7,3,0
7228,19,2,8,4,3,0
7229,18,3,11,7,3,0
7230,21,1,10,8,4,1
7231,21,7,11,7,3,1
7232,27,6,10,8,4,0
7233,19,7,6,5,3,1
7234,18,5,7,6,3,1
7235,18,5,5,2,3,0
7236,27,4,11,5,3,1
7237,19,2,11,7,3,0
7238,18,7,10,8,3,1
7239,19,7,7,8,2,0
7240,26,6,7,7,3,1
7241,27,2,11,5,4,1
7242,27,6,11,5,3,0
7243,15,6,3,8,4,1
7244,9,6,8,7,4,0
7245,19,6,11,7,3,0
7246,15,6,4,8,4,1
7247,15,6,7,8,4,1
7248,15,6,11,8,4,1
7249,15,6,10,8,4,1
7250,21,1,10,2,4,0
7251,15,6,6,8,4,1
7252,19,5,5,7,3,0
7253,27,6,11,5,3,1
7254,21,7,11,4,3,1
7255,5,1,10,4,4,1
7256,18,7,7,5,3,1
7257,21,6,11,7,3,0
7258,5,7,11,6,3,0
7259,19,5,10,4,3,1
7260,5,7,11,7,3,1
7261,15,2,11,8,3,1
7262,19,6,5,6,3,0
7263,9,6,8,5,3,0
7264,25,7,7,5,3,1
7265,18,7,6,4,3,1
7266,18,5,7,6,3,1
7267,5,7,11,7,3,1
7268,5,4,11,5,3,1
7269,9,6,3,7,4,0
7270,15,6,8,8,4,1
7271,9,6,3,4,4,0
7272,15,6,7,8,4,1
7273,21,1,10,7,4,1
7274,15,6,11,8,4,1
7275,5,6,10,7,4,0
7276,15,6,10,8,4,1
7277,15,6,6,8,4,1
7278,15,6,7,8,4,1
7279,15,6,6,8,4,1
7280,25,6,8,8,4,0
7281,18,7,11,7,3,1
7282,9,7,5,2,3,1
7283,1,6,10,8,4,1
7284,21,2,10,2,3,1
7285,15,5,8,6,3,0
7286,21,2,11,7,3,0
7287,18,7,11,7,3,0
7288,15,5,11,8,3,1
7289,18,7,8,6,3,1
7290,9,5,3,8,3,0
7291,19,5,4,8,3,1
7292,19,7,5,6,3,1
7293,21,2,11,4,3,1
7294,19,6,8,5,3,0
7295,9,6,6,7,3,1
7296,21,7,11,4,3,0
7297,18,7,6,2,3,1
7298,27,7,9,5,3,0
7299,27,5,11,5,3,1
7300,10,7,3,4,3,1
7301,15,3,7,8,3,1
7302,21,2,10,4,3,1
7303,21,2,11,7,3,0
7304,18,5,6,7,3,1
7305,19,5,8,8,3,1
7306,9,7,10,3,3,1
7307,21,7,10,8,3,1
7308,19,5,4,4,3,1
7309,18,7,11,5,3,1
7310,18,7,7,5,3,1
7311,15,5,3,8,3,1
7312,20,2,8,7,4,0
7313,19,7,3,8,3,0
7314,15,7,3,8,3,1
7315,21,4,4,4,3,0
7316,19,7,8,5,3,0
7317,1,2,11,7,3,1
7318,19,7,4,8,2,0
7319,9,7,3,8,3,1
7320,21,1,10,4,3,0
7321,21,7,8,3,3,1
7322,15,3,6,8,3,0
7323,15,5,2,8,3,1
7324,5,7,11,6,3,1
7325,19,7,4,8,3,1
7326,21,6,11,6,2,1
7327,25,7,7,7,3,1
7328,19,7,6,8,3,0
7329,19,7,8,7,3,0
7330,27,7,9,7,3,0
7331,21,1,10,6,4,1
7332,10,7,6,6,3,0
7333,21,6,11,4,3,0
7334,21,6,11,7,3,0
7335,21,1,10,4,4,1
7336,18,3,7,7,3,1
7337,18,3,7,7,3,1
7338,15,5,10,8,3,1
7339,9,6,7,8,2,1
7340,10,7,4,4,3,0
7341,21,1,11,2,3,1
7342,21,1,4,8,3,1
7343,9,4,4,7,1,0
7344,19,4,4,7,3,0
7345,19,4,4,7,4,0
7346,18,6,7,8,4,1
7347,19,4,4,7,3,0
7348,21,1,10,7,4,1
7349,10,5,6,8,3,1
7350,27,7,8,3,3,1
7351,9,4,3,7,1,0
7352,18,7,7,6,3,1
7353,21,1,11,6,2,0
7354,18,7,8,4,3,0
7355,19,6,4,7,3,0
7356,5,7,7,5,3,1
7357,21,6,11,6,3,0
7358,21,2,4,6,3,1
7359,27,5,8,6,3,0
7360,21,1,11,8,3,0
7361,15,6,4,8,4,1
7362,18,6,8,7,4,0
7363,21,1,11,7,3,1
7364,21,1,10,7,3,0
7365,21,1,10,7,3,0
7366,9,7,6,6,3,0
7367,10,1,10,7,3,0
7368,21,5,11,7,3,1
7369,21,1,10,7,3,1
7370,27,7,2,8,3,0
7371,18,6,6,7,3,0
7372,15,6,7,8,4,1
7373,15,6,6,8,4,1
7374,15,6,10,8,4,1
7375,19,5,4,7,3,1
7376,18,5,7,8,2,1
7377,18,7,6,7,3,1
7378,9,7,6,8,3,1
7379,15,5,4,6,3,1
7380,26,5,8,7,3,0
7381,5,7,10,5,3,0
7382,19,7,4,6,3,1
7383,18,7,7,8,3,0
7384,15,3,11,8,2,1
7385,18,7,8,5,3,1
7386,18,5,7,5,3,1
7387,21,2,10,7,3,0
7388,21,7,11,7,3,1
7389,18,5,10,2,3,1
7390,27,7,4,8,3,1
7391,15,7,6,7,3,1
7392,20,2,4,7,1,0
7393,27,6,11,7,3,0
7394,18,7,11,4,3,1
7395,27,7,6,7,3,1
7396,15,6,6,8,4,1
7397,9,6,3,4,3,1
7398,15,6,5,4,4,1
7399,15,6,4,8,4,1
7400,20,6,10,7,3,0
7401,18,7,7,6,3,1
7402,9,7,10,8,3,0
7403,19,7,8,7,3,0
7404,19,6,8,7,3,0
7405,18,7,7,7,3,1
7406,18,7,5,5,3,1
7407,15,7,6,7,3,1
7408,10,6,8,6,1,0
7409,19,6,5,7,1,0
7410,18,6,11,7,3,0
7411,5,7,6,5,3,1
7412,18,3,7,7,3,0
7413,18,7,5,4,3,1
7414,19,6,8,3,3,0
7415,21,7,11,7,3,1
7416,19,7,8,8,2,1
7417,9,6,3,3,1,1
7418,15,6,4,8,4,1
7419,5,7,10,7,3,1
7420,21,2,11,8,3,1
7421,25,5,7,6,3,0
